// Sound (Harp) converted to 16 kHz mono MP3 and embedded as a byte array.

#pragma once

#include <stdint.h>

constexpr uint8_t HARP_MP3[] = {
0x49,0x44,0x33,0x04,0x00,0x00,0x00,0x00,0x00,0x22,0x54,0x53,0x53,0x45,0x00,0x00,
0x00,0x0E,0x00,0x00,0x03,0x4C,0x61,0x76,0x66,0x36,0x33,0x2E,0x31,0x2E,0x31,0x30,
0x32,0x00,0x00,0x00,0x00,0x00,0x00,0x00,0x00,0x00,0x00,0x00,0xFF,0xF3,0x68,0xC0,
0x00,0x00,0x00,0x00,0x00,0x00,0x00,0x00,0x00,0x49,0x6E,0x66,0x6F,0x00,0x00,0x00,
0x0F,0x00,0x00,0x00,0x64,0x00,0x00,0x55,0x38,0x00,0x07,0x0A,0x0C,0x0F,0x11,0x14,
0x16,0x19,0x1B,0x1E,0x20,0x23,0x26,0x28,0x2B,0x2D,0x30,0x32,0x35,0x37,0x3A,0x3C,
0x3F,0x41,0x44,0x46,0x49,0x4C,0x4E,0x51,0x53,0x56,0x58,0x5B,0x5D,0x60,0x62,0x65,
0x67,0x6A,0x6C,0x6F,0x72,0x74,0x77,0x79,0x7C,0x7E,0x81,0x83,0x86,0x88,0x8B,0x8D,
0x90,0x93,0x95,0x98,0x9A,0x9D,0x9F,0xA2,0xA4,0xA7,0xA9,0xAC,0xAE,0xB1,0xB3,0xB6,
0xB9,0xBB,0xBE,0xC0,0xC3,0xC5,0xC8,0xCA,0xCD,0xCF,0xD2,0xD4,0xD7,0xD9,0xDC,0xDF,
0xE1,0xE4,0xE6,0xE9,0xEB,0xEE,0xF0,0xF3,0xF5,0xF8,0xFA,0xFD,0xFF,0x00,0x00,0x00,
0x00,0x4C,0x61,0x76,0x63,0x36,0x33,0x2E,0x31,0x2E,0x00,0x00,0x00,0x00,0x00,0x00,
0x00,0x00,0x00,0x00,0x00,0x00,0x24,0x02,0xC3,0x00,0x00,0x00,0x00,0x00,0x00,0x55,
0x38,0x3D,0xE6,0x4E,0x77,0x00,0x00,0x00,0x00,0x00,0x00,0x00,0x00,0x00,0x00,0x00,
0x00,0x00,0x00,0x00,0x00,0x00,0x00,0x00,0x00,0x00,0x00,0x00,0x00,0x00,0x00,0x00,
0x00,0x00,0x00,0x00,0x00,0x00,0x00,0x00,0x00,0x00,0x00,0x00,0x00,0x00,0x00,0x00,
0x00,0x00,0x00,0x00,0xFF,0xF3,0x68,0xC4,0x00,0x27,0xFC,0x0D,0xE5,0x68,0x1A,0x13,
0xA9,0x30,0x05,0x11,0x0B,0xBA,0x6E,0x1C,0x45,0x7A,0xE7,0x11,0x1C,0x5B,0xB8,0xB8,
0x5F,0xC4,0x2F,0xD0,0xAB,0xC2,0xBF,0xD4,0x44,0x77,0x77,0xE8,0x00,0x02,0x7F,0xF0,
0xE7,0x10,0x9C,0xD1,0xC3,0xBE,0x91,0x3D,0xE2,0x54,0x8B,0xBD,0xC1,0xEC,0x28,0x9B,
0x96,0x0D,0xCF,0x78,0x97,0xBF,0xE4,0xC5,0x71,0x77,0xFF,0x7B,0x20,0xCA,0x84,0x49,
0x50,0x56,0x1F,0x9E,0xFC,0x24,0x8A,0x21,0x02,0x8A,0x2E,0xCA,0x31,0xB7,0x3A,0x62,
0xF6,0x19,0xEE,0x88,0x05,0x0C,0x5F,0xB1,0x40,0xA0,0x91,0x85,0x02,0x86,0x11,0xA3,
0x8A,0x3D,0xB4,0x7B,0x97,0xE4,0x82,0x28,0xF6,0xA1,0xD4,0x15,0x93,0xB7,0xBE,0x19,
0x35,0xC9,0x23,0x34,0x68,0xE7,0xA4,0x04,0x9B,0x35,0xC2,0xE2,0xB4,0x68,0xDB,0x50,
0x56,0x2B,0x27,0x49,0x05,0xE8,0x80,0x49,0xD7,0x15,0x93,0xFF,0x50,0xB7,0x23,0x92,
0x04,0x19,0xD0,0x45,0x02,0x08,0xA3,0x7C,0x21,0x8B,0x92,0x31,0x0B,0x23,0x15,0xA3,
0x2C,0x50,0x22,0x0E,0xAF,0xD1,0x6A,0xE4,0x14,0x95,0xC8,0x58,0x13,0x2A,0x84,0x2D,
0x85,0xF3,0x37,0x31,0xBA,0x7E,0x7B,0xBA,0x42,0x4B,0x70,0x64,0x6A,0x6E,0xF0,0x97,
0x42,0x34,0xDB,0x23,0x77,0xC1,0x66,0x46,0x7E,0x9A,0x13,0x3C,0xFF,0xF3,0x68,0xC4,
0x2B,0x28,0x14,0x16,0x01,0x60,0x19,0x93,0xA8,0x4C,0x6D,0x7C,0x4A,0xE0,0xDF,0x28,
0x12,0xF0,0x6E,0xDE,0xE6,0xE6,0x1B,0x97,0x5D,0x9D,0xB0,0xAD,0x65,0x57,0x8C,0x13,
0x21,0xE9,0x6D,0xAC,0x69,0x13,0x91,0xB1,0x30,0x73,0x0B,0xBE,0x0D,0xA5,0x07,0x25,
0x3C,0xA8,0x41,0xB1,0xB2,0xEE,0x82,0x13,0x6F,0x8A,0x39,0x34,0x29,0x51,0x84,0x30,
0x94,0x50,0x37,0xB0,0x9F,0x68,0x42,0x7E,0xB5,0xF8,0x6C,0xF3,0xD2,0xAA,0x96,0x33,
0x39,0x98,0x4E,0xA0,0xDA,0x46,0xA3,0xB8,0x5D,0x89,0x52,0x85,0x1A,0xC6,0x28,0x4C,
0xAC,0x82,0x85,0x89,0x6E,0x8C,0x2D,0x24,0x12,0xB4,0xD0,0xD9,0xAA,0x40,0xE4,0x08,
0xD0,0xB1,0x33,0xA8,0x12,0xF4,0x42,0xDC,0xC9,0x2E,0x31,0x68,0x29,0x45,0x2A,0xF6,
0x30,0x26,0xC6,0x3E,0xB3,0x93,0x45,0x91,0x8A,0xB1,0x99,0x0E,0xD5,0xCA,0x75,0x2D,
0x97,0x97,0x62,0x57,0x79,0x0B,0xF7,0x3F,0x7E,0x2F,0xAA,0x9A,0xC9,0x4B,0x62,0xED,
0x74,0xA3,0x29,0xCA,0x1A,0x94,0xA1,0x48,0xD2,0xBE,0x81,0x2F,0x36,0xD8,0x8E,0xE3,
0x57,0x02,0xD1,0x6F,0xA7,0x96,0xDC,0xE7,0xBB,0x25,0x21,0x4E,0xDB,0x66,0xA5,0xE0,
0xA4,0x23,0x06,0x51,0xAC,0xD4,0x98,0x9E,0x4D,0x4A,0xD7,0xBE,0x6E,0x2B,0xA5,0xAC,
0x96,0x77,0x34,0x0B,0xFF,0xF3,0x68,0xC4,0x55,0x2B,0x64,0x15,0xFC,0x01,0x43,0x48,
0x00,0xCD,0xB2,0x16,0x26,0xCA,0x0A,0x45,0x17,0xC6,0x2B,0x5A,0xEF,0x3C,0xD4,0xD6,
0x6D,0xD1,0x83,0x0A,0x72,0x23,0xB0,0x37,0x12,0x22,0x98,0xCE,0xD9,0xB5,0x9E,0x89,
0x18,0xF1,0x34,0x37,0x5A,0xC4,0x45,0x90,0x91,0xA6,0x2A,0xA2,0x53,0x5E,0xD1,0x44,
0x69,0x57,0xA0,0x59,0x10,0x25,0xD9,0x2C,0x31,0x03,0x67,0x16,0x47,0x34,0x04,0x44,
0x6A,0x54,0x5C,0x20,0x40,0x99,0xC6,0x4F,0x3D,0xA3,0xAC,0xA6,0xB1,0x29,0x46,0xF2,
0x4A,0x89,0x4B,0x28,0x4C,0x51,0x02,0xA7,0x9A,0xCA,0x1A,0x08,0xB5,0x9A,0x3D,0x16,
0xCF,0x57,0xA2,0xD1,0x68,0xF4,0x55,0x1F,0xF0,0x60,0x24,0x2D,0x51,0xE2,0x53,0x7F,
0xEE,0xF8,0x42,0x75,0xF4,0x23,0x25,0xAE,0x19,0x25,0x40,0x67,0x06,0x9D,0x99,0x95,
0xB7,0xCE,0xE0,0x70,0x20,0x5E,0x89,0x00,0x89,0xB6,0xEA,0x5A,0x5E,0x7F,0xF8,0x30,
0x80,0x53,0x0D,0x6C,0x02,0x08,0x15,0x00,0x40,0xA0,0xC0,0x14,0xB7,0xFF,0xF5,0xC3,
0xB4,0xB5,0xC8,0x22,0x18,0xD0,0x21,0xB5,0x31,0x44,0xAE,0xC5,0xDF,0x52,0x25,0x79,
0xBE,0xF7,0x5C,0x05,0x18,0x5F,0xC2,0xF4,0x46,0x4B,0x76,0x5E,0xB0,0x8A,0x11,0x8D,
0xFF,0x44,0x15,0x8A,0xE4,0xE1,0xBC,0xED,0xE1,0xF8,0x21,0x45,0xFF,0xF3,0x68,0xC4,
0x72,0x49,0xA4,0x16,0xCE,0x5F,0x9A,0xC8,0x02,0x0D,0x43,0x4C,0xB3,0x14,0x14,0x93,
0x81,0x1E,0xF6,0xD0,0x58,0x27,0xBE,0x28,0xEF,0x5B,0xDE,0x79,0xE1,0xFC,0xDF,0xFC,
0xC3,0xB8,0x66,0x82,0x91,0x6C,0x1D,0x30,0x18,0x83,0xF0,0xE6,0xBC,0x4D,0x68,0x49,
0x7B,0x7A,0xB1,0x37,0x75,0x1B,0x75,0xCE,0x6F,0xB9,0xEB,0x9C,0xDF,0xF5,0x77,0xC8,
0xD4,0xD1,0x9C,0x3A,0x88,0xFE,0xE5,0xB8,0xE0,0xA0,0x11,0x51,0x6A,0x2E,0xB4,0x40,
0x53,0x17,0x89,0xFE,0x64,0x51,0x98,0x8A,0x40,0xFB,0xF5,0x05,0xC4,0xFF,0xF9,0xFF,
0xFF,0xFF,0xFF,0xFF,0xDE,0xB9,0x71,0x76,0x59,0x18,0xB0,0xCB,0xED,0x58,0xB1,0x52,
0xC4,0x3F,0x95,0x23,0x3B,0x95,0xD3,0xFD,0x4A,0xD4,0xD4,0x14,0x2F,0xC5,0xAD,0x54,
0x9E,0x95,0x49,0x7F,0x9A,0xDE,0x77,0xF9,0x9F,0x70,0xFF,0xFF,0xFF,0xFF,0xFF,0x86,
0xE2,0xF1,0x88,0x61,0xF8,0x02,0x86,0x63,0x8A,0xA4,0xD9,0xDB,0xBF,0x3F,0x4F,0x95,
0x88,0xBD,0x4B,0x14,0xF4,0xFD,0x90,0x58,0x91,0x40,0x4E,0xF2,0x46,0x83,0x0A,0x2E,
0x53,0x29,0x81,0x2B,0xC9,0x1F,0xE9,0x14,0xC6,0x34,0xB4,0xD1,0xAA,0x6A,0x90,0x0A,
0x4E,0x4F,0x76,0xEC,0x67,0x7F,0x2D,0x61,0x75,0x1A,0x5B,0xFB,0x08,0xA7,0x79,0x63,
0xF2,0xD6,0x8C,0x61,0xFF,0xF3,0x68,0xC4,0x16,0x2E,0xB3,0xEA,0xB5,0x41,0xD8,0x98,
0x00,0x25,0x16,0x3F,0xFB,0x7A,0xA5,0x41,0xFA,0x87,0x4A,0x68,0x68,0x39,0xC4,0x18,
0xB0,0x62,0x89,0xC1,0x95,0x1C,0x21,0xAC,0x11,0xD9,0x55,0x6A,0x53,0x29,0x66,0x2C,
0x60,0x64,0x64,0xA2,0xAC,0xD9,0xD0,0x50,0xA5,0x94,0xB7,0x28,0xA1,0x5A,0xCD,0x51,
0xAB,0x3C,0x8B,0x1A,0x8B,0x94,0x2C,0xC9,0x78,0xDD,0xE9,0x32,0xA6,0x48,0x55,0x35,
0x5A,0x2B,0x38,0x39,0x20,0xDE,0x02,0xB5,0x68,0x32,0x14,0xEA,0x6D,0x4B,0x8F,0xA2,
0x2A,0x6A,0x2B,0x24,0x44,0xC5,0x19,0xB6,0xBA,0xD4,0xC7,0x0D,0x54,0x96,0xA5,0x0C,
0x44,0x7A,0xCD,0x2E,0x8B,0x55,0x5B,0x22,0xB3,0x43,0x53,0x64,0x3D,0x7E,0xB5,0xD9,
0x55,0x9E,0x21,0xE5,0x86,0x6E,0xBE,0x9A,0xD9,0x6A,0xFA,0x04,0x48,0xAA,0x70,0x82,
0x97,0x52,0x52,0x33,0x14,0x2B,0x23,0xEE,0x4D,0x00,0xF2,0x85,0x40,0x44,0x59,0x32,
0x24,0xA3,0xAA,0x64,0x0D,0x98,0xC5,0x67,0x54,0xE9,0x3A,0x47,0x0A,0x09,0x20,0x40,
0x4C,0x53,0x63,0x15,0xF4,0x26,0x84,0x00,0x04,0xFB,0xFD,0x9C,0xAD,0x6B,0x57,0x70,
0x75,0x64,0x6B,0xE3,0xDF,0x6D,0x46,0xE7,0xEE,0xB4,0xA0,0x29,0xD1,0x9C,0xB3,0xFE,
0x50,0xED,0xFD,0x6F,0x60,0xBC,0x5B,0x6A,0xD4,0x76,0xBB,0xAB,0xFF,0xF3,0x68,0xC4,
0x26,0x30,0x7B,0xE6,0xA5,0xE8,0xCB,0x29,0x45,0x33,0x8B,0x0C,0x36,0xDC,0x8A,0xF7,
0xFF,0xD9,0xAB,0xFE,0xC5,0x71,0xA8,0x7F,0xE6,0xCA,0x82,0x05,0xA8,0xFA,0xA6,0xBF,
0x3D,0x5D,0x6B,0x38,0x79,0x33,0xCA,0x09,0x82,0x16,0x5C,0xFD,0xEB,0x79,0xB1,0xDD,
0x02,0x45,0xD0,0x27,0x8F,0x8F,0x81,0x43,0x97,0x1D,0x67,0x90,0x4E,0x83,0xD4,0xBA,
0x54,0xC7,0x51,0x20,0x88,0xC8,0xA0,0xB7,0x5A,0x5F,0x52,0x91,0x65,0x5D,0x04,0xC9,
0x51,0x3E,0xD9,0x73,0x63,0x54,0x8F,0x50,0x5A,0x3A,0x92,0x97,0xCB,0xC2,0xD8,0x63,
0xD8,0xEA,0xEF,0x3A,0xCC,0x8B,0x33,0x96,0x08,0x88,0xE7,0x1B,0xA9,0x7A,0x28,0x22,
0xA4,0x9D,0x46,0x6C,0xA7,0xA3,0x30,0x0C,0x22,0x66,0x70,0x5C,0x6F,0xA4,0x53,0x36,
0xA2,0xB2,0x28,0xE8,0x10,0xF0,0x10,0x14,0x09,0x59,0x13,0x33,0x72,0x2A,0x5B,0x5A,
0x27,0xDD,0x24,0x11,0x3B,0x28,0x52,0x52,0xD9,0x00,0xC2,0xE6,0xCE,0x33,0x4E,0x7C,
0xD9,0x35,0x81,0x18,0x23,0x90,0x45,0x4A,0x73,0xD5,0x8A,0x3A,0xD5,0xB3,0xCD,0x7D,
0x4A,0xDA,0x2C,0x39,0x39,0x08,0x85,0x48,0xEE,0xC6,0xC5,0x13,0x29,0x3F,0xDF,0x6A,
0x76,0xB5,0x04,0x1C,0xDA,0xDD,0x83,0xB7,0x1C,0x9E,0xD4,0xC6,0xA3,0x02,0xA8,0x44,
0xD3,0x42,0xB0,0xCF,0xFF,0xF3,0x68,0xC4,0x2F,0x35,0x9C,0x16,0x99,0x48,0xD4,0x73,
0xCC,0x0E,0x67,0xF7,0xF0,0xD7,0x2E,0xE5,0x4D,0xFB,0xB9,0x37,0x71,0x37,0x73,0xA0,
0xC6,0x49,0x9D,0x4F,0xBB,0xCC,0xB1,0xFD,0xEA,0x5F,0x86,0x57,0x56,0xB0,0x92,0x78,
0x76,0x7A,0xCD,0xEA,0x1A,0x5C,0xF7,0x86,0x5F,0x8D,0x6B,0x3F,0x9D,0x05,0xC7,0x8C,
0x06,0xF1,0x26,0xC7,0x55,0x36,0x4D,0x6C,0xB5,0x3C,0xEA,0x93,0x1A,0x83,0x60,0xAA,
0x29,0x72,0xFA,0x9D,0x67,0x9D,0x1B,0x6A,0x22,0xC7,0x95,0x75,0xA2,0x2F,0x88,0x8B,
0xA4,0xEB,0x65,0xA4,0x4B,0xA8,0xCF,0xEA,0x29,0x91,0xC6,0xA1,0x75,0x65,0xC4,0x9A,
0x78,0xEA,0xAF,0x5B,0x1F,0x74,0xD6,0xA4,0xC3,0x74,0x2D,0x42,0x8F,0xDD,0x06,0x54,
0xB9,0x52,0x6C,0xDC,0x75,0xF9,0x10,0x09,0x0A,0xAA,0xF8,0x55,0xCE,0xF7,0xB7,0x4D,
0xE7,0xBC,0x25,0xF5,0xBB,0x32,0xB9,0xC3,0x59,0x42,0x2C,0xBB,0xF9,0xD2,0xE7,0xBA,
0xD4,0xBF,0x2E,0xB5,0x8E,0xB2,0xFC,0x30,0x99,0x4E,0x8D,0xED,0xA8,0x46,0x67,0xB5,
0x73,0xBC,0xFD,0x77,0x58,0x7E,0xB7,0x5B,0xAA,0x84,0x82,0x00,0xC4,0x00,0x82,0xD1,
0xA3,0x12,0x38,0x68,0x84,0x86,0x13,0x16,0xB5,0x31,0x91,0xF1,0x44,0x1A,0xBD,0x7A,
0x6B,0xD6,0xEE,0x60,0xEC,0x43,0x31,0x2A,0x2D,0x65,0x49,0x7E,0xFF,0xF3,0x68,0xC4,
0x23,0x2F,0x93,0xFA,0xA5,0xF0,0x36,0x64,0xB1,0xDD,0xBB,0xDC,0x19,0xAC,0x4A,0xEA,
0x3B,0x19,0xEA,0xBE,0x1C,0x4D,0x04,0x6A,0xB2,0x29,0xD8,0xCC,0x2E,0xF3,0x63,0x55,
0x28,0xDE,0xCB,0xA0,0xF4,0xD0,0x77,0xA0,0x1B,0xB0,0x47,0xC5,0x53,0x4A,0x66,0x66,
0x4E,0xB4,0xCE,0xB5,0x22,0xE9,0xA1,0x99,0xD2,0xA8,0xE4,0x85,0xF4,0x5B,0xA2,0xB6,
0x3D,0x56,0xEA,0xA9,0x51,0xF0,0x3C,0x1B,0x8A,0xD4,0x93,0x30,0x5B,0xB7,0xE9,0x94,
0x4D,0x4F,0x17,0xCC,0x19,0x33,0x02,0xBA,0x77,0x55,0xD0,0x35,0xAD,0xDD,0x4C,0xEA,
0x40,0x60,0x1B,0x8F,0x85,0xA0,0xB7,0x41,0x74,0x1E,0xB4,0x19,0x97,0x51,0x98,0xE3,
0x26,0x45,0x5D,0x7D,0x27,0xB2,0x34,0x69,0x32,0x09,0xA6,0x62,0x39,0xC4,0x81,0xB9,
0xA9,0xAA,0x0B,0x72,0xFB,0x26,0xA4,0x51,0x5B,0xA2,0x29,0x10,0x25,0x24,0x11,0x8D,
0xD9,0x36,0xDA,0xB2,0xEC,0xCB,0x75,0x4E,0x97,0x54,0x70,0x8F,0x4C,0xFB,0x5D,0x4C,
0x60,0x8A,0x44,0x69,0x2A,0xB1,0x96,0x03,0x02,0x6A,0xC5,0x89,0x1B,0x5C,0xAB,0x4C,
0xBA,0x1E,0x76,0xA1,0x25,0x68,0x8B,0xED,0xA3,0x32,0xE4,0xA0,0x8B,0x54,0x77,0x1C,
0x14,0xA6,0xB7,0x2B,0x61,0x86,0x71,0x9D,0x3C,0xE2,0xBF,0x33,0x91,0x1F,0x97,0xC5,
0x65,0xD1,0x3D,0xDA,0xFF,0xF3,0x68,0xC4,0x2F,0x36,0x04,0x16,0xB6,0x48,0xC3,0xD3,
0x3C,0xB5,0x8D,0x62,0x08,0x9B,0x66,0xDA,0x2C,0xE0,0x32,0x89,0xF2,0x01,0x0F,0x74,
0x5B,0x80,0x44,0x58,0x9E,0x57,0xCF,0x63,0x63,0x26,0x79,0x26,0x8F,0x12,0xB6,0x8B,
0x6B,0xC5,0x62,0x7B,0xA8,0xB7,0x53,0x12,0xC5,0xDB,0xEC,0x95,0x24,0x22,0x9A,0xBD,
0x3D,0xF3,0x8F,0x8B,0xD6,0xCF,0x37,0x15,0xC9,0xBD,0xCE,0x54,0xCA,0x5E,0x2E,0xFD,
0xFC,0x4B,0xEB,0x7B,0xAD,0xB7,0x5E,0xE2,0xF8,0xF4,0xD3,0xB7,0x0D,0xE6,0xB1,0xEB,
0x8C,0xEA,0xD7,0x83,0x94,0xE8,0xEB,0x7B,0x0A,0x33,0xBF,0x68,0x57,0xAE,0x1F,0x19,
0x0C,0xEC,0x2B,0x4C,0xF3,0xE6,0x8F,0xE1,0x41,0xD3,0xDB,0x6E,0xB2,0x47,0x8A,0xB5,
0xB1,0x1A,0xBA,0x9C,0x4D,0x3B,0x95,0x88,0x4B,0xB1,0xB0,0xF5,0x6B,0xB7,0x9E,0xEE,
0xAD,0x1B,0x0D,0x0A,0x49,0xC5,0x2D,0x91,0x0B,0x76,0x5F,0x1B,0xC6,0xA2,0x93,0xA5,
0xB1,0x02,0x4C,0xE5,0x6D,0x5F,0x86,0xD3,0x27,0x22,0xC5,0xFC,0x95,0xFC,0xD4,0x52,
0x41,0x3E,0xBC,0x35,0x3D,0x8A,0x5B,0x1A,0x9A,0xEF,0xC8,0x80,0x00,0x32,0x45,0x14,
0xF2,0xBD,0x45,0x79,0xBF,0xDD,0x36,0x2E,0xAD,0x2C,0x9B,0xE7,0xB2,0xED,0xBC,0x18,
0x43,0x67,0xCB,0x38,0x3E,0x0C,0x12,0xFD,0xBC,0x6F,0xD6,0xCA,0xFF,0xF3,0x68,0xC4,
0x22,0x28,0xA4,0x16,0xBA,0x38,0xC3,0xDB,0x30,0xB6,0x58,0x77,0x5B,0xE6,0x45,0x82,
0x8E,0x8A,0x56,0xB8,0x6A,0x72,0xDD,0x5B,0x80,0x27,0xD5,0x6D,0x37,0xCD,0x70,0x89,
0x2C,0x1A,0xB5,0x77,0x9B,0x7C,0x67,0xE3,0xFA,0x06,0x33,0x97,0xDB,0xC0,0x44,0xCF,
0x5D,0x56,0x0C,0x1C,0xD5,0xF3,0x3B,0x6B,0x0E,0x20,0xEE,0xEF,0x26,0x59,0x15,0x04,
0xC8,0xDB,0xBB,0xBD,0x7E,0x85,0x67,0x94,0x43,0x3C,0x4D,0x35,0xCE,0x14,0x1B,0xD4,
0xB9,0xD2,0x77,0x2D,0xFD,0x01,0xCC,0x80,0xE0,0x1F,0x47,0x37,0x31,0x62,0xDF,0xAD,
0xF7,0xD1,0x6A,0xD9,0x33,0x86,0xE9,0x1D,0x23,0xF4,0x75,0x99,0xA1,0x6F,0x31,0x7C,
0xB8,0x70,0xDC,0x6B,0x47,0xFD,0x24,0x79,0xEA,0x99,0xBB,0x4C,0x69,0x16,0xFE,0xA3,
0xFA,0xCB,0xCD,0x45,0xAA,0xD5,0xB9,0x59,0xD2,0xCA,0x52,0x00,0x01,0x14,0x6B,0x3C,
0x30,0x90,0xDC,0xB7,0x62,0x9E,0x62,0x7B,0x37,0x96,0xEF,0x3E,0xFD,0x9C,0x19,0x83,
0x1E,0xD4,0xCC,0x0A,0x9D,0xE0,0x69,0x4A,0xF3,0xA2,0x98,0xA9,0x67,0x5B,0xE6,0x3A,
0xFD,0x92,0x24,0x21,0x11,0xD6,0xAE,0x74,0x01,0x83,0xD5,0x64,0xD8,0x03,0xD3,0xCB,
0x77,0x41,0x37,0x57,0xA9,0x10,0x53,0xC7,0x9A,0x91,0x0C,0x41,0xB6,0x99,0xB2,0xDD,
0x67,0x13,0x31,0x19,0xFF,0xF3,0x68,0xC4,0x4A,0x29,0x4C,0x16,0xB1,0xF8,0xC3,0x4F,
0x3C,0xC9,0x74,0x04,0xF4,0xF9,0x05,0x22,0xE1,0x2E,0x5E,0x19,0x83,0x08,0x5F,0x99,
0x24,0x5A,0xCA,0xBF,0xB4,0xE9,0xE3,0x11,0x05,0x4C,0xEE,0xA2,0x21,0x8F,0xEB,0xA2,
0x41,0x46,0xA2,0x3B,0x37,0xAC,0x6B,0x61,0xC6,0x2E,0x8C,0x9E,0xB5,0x99,0x24,0x7D,
0x0F,0xAB,0x37,0xB2,0x12,0x93,0x22,0xA1,0xF5,0x8D,0xB3,0xDC,0x5B,0x64,0xE3,0x8E,
0xA6,0x8F,0x08,0x05,0xC1,0x09,0x25,0xB2,0x7D,0x3A,0x9A,0x44,0x97,0xD4,0x4D,0x14,
0x84,0x89,0xF5,0x95,0x97,0x08,0x4F,0xFD,0x3B,0x0E,0x0F,0x87,0x55,0xFC,0x11,0x22,
0x91,0x10,0x20,0xFE,0x90,0xD3,0x2B,0x47,0xE3,0x05,0xF3,0xB7,0x4F,0x02,0x9F,0xDD,
0x86,0xEA,0x95,0x21,0xE0,0x4E,0xD4,0xD4,0xCD,0x24,0x8B,0xC9,0xE6,0x53,0x34,0x20,
0x38,0x30,0x07,0x92,0x65,0xAD,0xA9,0xA0,0x02,0xC7,0x52,0xD9,0xBA,0xC3,0x70,0x25,
0x1A,0xD1,0x64,0x95,0x7D,0xB3,0x30,0xC4,0x21,0xA5,0xAA,0x4F,0x02,0xAA,0x2A,0x99,
0x32,0x4B,0x55,0xD3,0x79,0xD5,0x19,0x29,0x65,0x45,0x93,0x62,0x09,0x07,0x4A,0x8A,
0x5E,0xFF,0xE7,0x50,0x51,0x00,0x2B,0x23,0x64,0x88,0xC3,0x0F,0xAF,0x9B,0xB4,0xE9,
0x2F,0xF4,0x64,0xB1,0xB8,0xF8,0x17,0xA4,0x97,0xCD,0x4B,0xA6,0xFF,0xF3,0x68,0xC4,
0x6F,0x27,0xAC,0x16,0xA9,0x50,0x36,0x66,0xA8,0x0B,0xDF,0xA6,0xBF,0x9C,0x37,0x59,
0x16,0x29,0x39,0x24,0xBC,0xD7,0x99,0x7F,0x29,0x54,0x81,0x2A,0x3F,0x15,0x06,0xB2,
0x7D,0x7F,0x66,0x79,0xA9,0x74,0xFB,0x7A,0x49,0x9B,0xB1,0x1C,0x43,0x5E,0xAE,0x95,
0x6D,0x28,0x1F,0xB7,0xAF,0xA8,0xC8,0xD0,0xF2,0xDA,0x20,0x61,0x40,0x6A,0x1C,0xF6,
0xB2,0xB1,0x59,0x17,0x36,0xE8,0x63,0x23,0xC5,0x02,0x81,0xE4,0x45,0x7B,0xB1,0xE7,
0x68,0x0C,0x70,0x83,0x96,0x05,0x93,0x91,0x31,0x4D,0x67,0xFA,0x7E,0x7A,0x91,0xDF,
0xD2,0x97,0xDD,0x22,0x31,0x82,0x35,0xB9,0x6F,0x01,0x58,0xDA,0x5C,0xE1,0x22,0x05,
0xFC,0xF7,0xC6,0xE7,0xDD,0xFF,0xC5,0x2F,0x7B,0x11,0x83,0xCA,0x8F,0x13,0x2A,0x6A,
0x44,0x81,0x33,0x1C,0x7C,0xDE,0xF4,0xA5,0x29,0x4A,0x53,0xFD,0x02,0x91,0x61,0x3F,
0xAB,0xE7,0x93,0xBF,0x42,0xDF,0xC2,0x39,0xAE,0xFF,0x7F,0xFF,0xC8,0xB8,0xB9,0xFA,
0x26,0xE1,0xF6,0x36,0x84,0xCE,0xEF,0x77,0x70,0x85,0x87,0x60,0x2E,0x0D,0xC1,0xB9,
0xF7,0x96,0x1E,0x57,0xF0,0x89,0x05,0xCD,0xFE,0xC8,0x90,0x42,0x25,0x57,0xBC,0x25,
0x64,0x42,0x1D,0xA7,0x3B,0x96,0x2E,0x2E,0x2E,0x62,0x57,0x0E,0xEE,0xE9,0xBC,0x54,
0xF2,0x23,0x7E,0x1F,0xFF,0xF3,0x68,0xC4,0x9B,0x28,0xE3,0xAE,0xBE,0x10,0x7A,0x91,
0xC1,0xEE,0x9C,0x24,0x7B,0xC0,0xD3,0x87,0xF8,0x8A,0xAA,0x42,0x05,0x8A,0x96,0x09,
0x80,0x6E,0x0C,0x34,0xE9,0x2E,0xA8,0x58,0x5C,0xD1,0xB8,0xCB,0xEB,0xED,0x6A,0x1E,
0x9F,0xAD,0x47,0x21,0x6B,0xAE,0xF4,0xA6,0x5A,0xD7,0xAD,0xD5,0x4A,0xC9,0x1F,0x42,
0xBC,0x1A,0x6B,0x84,0xB3,0xEB,0x62,0xDB,0x83,0x5A,0xA9,0x48,0xE6,0x5C,0x41,0x8B,
0x65,0x35,0xE5,0x61,0x1E,0x98,0xAD,0xB1,0x61,0x39,0x82,0xEC,0x9F,0x0A,0xD2,0x0A,
0x22,0x67,0xA9,0xA2,0xDC,0xED,0x99,0x4D,0x47,0x25,0x76,0x2D,0xAC,0xEA,0x34,0xFF,
0x30,0x53,0x5E,0xBA,0x20,0x27,0x03,0x4C,0x5C,0x42,0xAD,0x3E,0x31,0x6B,0x5A,0xD8,
0x00,0xC1,0x1D,0xDC,0x37,0x53,0xA3,0x30,0x4E,0x22,0x1D,0xF5,0xCF,0xAF,0xCF,0xDF,
0xFF,0xF3,0xF2,0x34,0xC1,0x1E,0x3F,0xE6,0xC6,0x43,0xC3,0x47,0xF5,0x3C,0x82,0x87,
0x12,0x37,0x21,0xE8,0x37,0xE7,0xFF,0xE1,0xFF,0xEB,0xB3,0xAE,0xA7,0xFD,0x96,0x6B,
0x77,0x59,0xA5,0xF8,0xEB,0xE3,0xF6,0xF7,0x7F,0xE0,0x2D,0x90,0x3E,0x0C,0xED,0x7F,
0x92,0x65,0x8A,0x1A,0x2B,0x2A,0x6A,0xA9,0x4C,0x2A,0x69,0x26,0xAA,0x89,0xAA,0x70,
0x80,0x40,0xA3,0x04,0x02,0x87,0x15,0xF4,0x8C,0xD2,0x6F,0x74,0xFF,0xF3,0x68,0xC4,
0xC2,0x2D,0x14,0x16,0xCE,0xDC,0xC3,0xD0,0xDC,0x82,0x74,0xD5,0x1D,0x76,0x58,0x6C,
0xDF,0xB0,0x31,0xEB,0x9F,0xC7,0xA0,0xF0,0x80,0x5B,0x44,0x51,0xF3,0x94,0xF6,0xAE,
0x31,0xE9,0x76,0x00,0x89,0xA6,0x63,0x7D,0x7A,0x7B,0xA7,0xA3,0xD2,0xBB,0x80,0x00,
0xB0,0xAD,0x3A,0x46,0x0A,0x4B,0x7A,0xF9,0xAC,0xD6,0xBB,0xD5,0x6A,0x58,0x75,0x16,
0xF9,0x10,0x4C,0x5D,0xD3,0x1D,0xA0,0x37,0x09,0x47,0x65,0x21,0xFF,0x28,0xA0,0xFF,
0x56,0xEB,0x2E,0x0F,0x47,0x46,0xA7,0xEF,0x98,0xA9,0x07,0xA9,0xFF,0x6A,0x43,0x70,
0x9C,0x7B,0xDC,0x94,0x2A,0x26,0x3A,0xD9,0xB7,0x5D,0x82,0xFE,0x50,0x25,0x79,0x08,
0x15,0x85,0x2B,0x5E,0x71,0xD1,0xEA,0x3F,0x64,0x8E,0x96,0x1D,0x7A,0x96,0xEE,0xEB,
0x2D,0x07,0xD4,0x35,0x2F,0xDF,0xA1,0xD8,0xBD,0xFF,0xD3,0x36,0xBF,0xE0,0x61,0xF6,
0xC3,0x12,0x05,0x6D,0x7F,0xDE,0x7E,0x72,0xCC,0x4A,0xBE,0xED,0x9E,0x60,0x9C,0x68,
0x92,0xD3,0x39,0x00,0x00,0x02,0xA3,0x97,0x81,0x21,0x64,0x0C,0x6C,0xE8,0x34,0x17,
0x12,0x36,0xBE,0xB3,0x9A,0x82,0x91,0x6B,0x58,0xB4,0x92,0x11,0x21,0x3E,0x5B,0x6C,
0xB3,0x32,0xDB,0x79,0x65,0x2A,0xE6,0xFF,0x5B,0x7A,0x10,0x1B,0x04,0x3E,0x31,0x69,
0xC8,0xB3,0x87,0x15,0xFF,0xF3,0x68,0xC4,0xD8,0x29,0x84,0x16,0xB6,0x34,0x7B,0x4D,
0x94,0xF8,0x36,0x31,0x31,0x5F,0x99,0x48,0x47,0xE6,0x97,0x25,0x21,0xFC,0x0E,0x0A,
0x34,0x99,0x26,0x64,0xD7,0x52,0x34,0x4C,0x81,0x4C,0x02,0xB2,0x31,0x70,0x21,0x99,
0xC9,0x10,0xE8,0x00,0xF2,0x22,0x13,0x64,0xDD,0x90,0x74,0x53,0xA9,0xE3,0x8C,0x99,
0xB6,0xEA,0x49,0xE8,0x8A,0x81,0x56,0x34,0x5A,0xE9,0xB3,0xD7,0x59,0x89,0xAE,0xF7,
0xA3,0xAD,0x99,0x69,0x05,0xF4,0x0A,0x1A,0x09,0xEA,0x49,0x86,0x51,0x38,0x77,0xAB,
0x46,0xB5,0xB3,0x99,0x80,0x13,0x25,0xA3,0xC9,0xD0,0x27,0x95,0x00,0x9B,0x27,0x1E,
0x69,0x95,0x14,0xCE,0xCF,0x5D,0x45,0xC6,0x48,0xB1,0x64,0x12,0x69,0x6A,0xD8,0xEB,
0x98,0x93,0xDC,0x69,0x30,0x30,0x37,0x1D,0xC4,0xC4,0x1B,0x30,0x5B,0xA8,0x63,0xAB,
0xCC,0x4B,0xA6,0x14,0xD8,0xBA,0x0E,0x51,0xEE,0x4C,0x1D,0xA5,0x12,0x12,0x95,0xE9,
0x24,0x71,0x94,0xE8,0x2F,0x74,0x4E,0x98,0x2D,0x26,0x5B,0x2C,0x48,0x55,0x30,0x00,
0xC1,0x34,0x7E,0x77,0x23,0x34,0x75,0xEC,0xF6,0x77,0x92,0x98,0xCB,0x66,0x9C,0x71,
0x29,0xE2,0xFC,0xC6,0x50,0x8B,0x7D,0xEB,0x18,0x69,0xC2,0x79,0xBE,0x6A,0xE9,0x63,
0xCA,0x9C,0xB9,0xEC,0x69,0x71,0xCB,0xF5,0xA8,0x29,0x67,0xD3,0xFF,0xF3,0x68,0xC4,
0xFD,0x33,0x8C,0x16,0xA2,0x48,0x4E,0x1A,0xB4,0x4D,0xC8,0xB0,0xB9,0x2D,0x8D,0xF6,
0x3E,0xE8,0xD7,0x94,0x6E,0xE4,0x4C,0xD4,0xAC,0x88,0xB2,0xA9,0x18,0x1B,0x49,0x76,
0x8A,0x2A,0x73,0xD7,0x53,0xD3,0x40,0x2E,0x90,0xA3,0x26,0xC9,0x8B,0x72,0xD2,0x34,
0x13,0x70,0x5B,0xB2,0xBB,0x4D,0x56,0x8F,0x34,0x52,0xEB,0x1C,0x81,0x99,0xE9,0x76,
0xBA,0x88,0x78,0xAD,0xE9,0x29,0x6E,0x54,0xE9,0xAD,0x44,0xBB,0xAD,0x1F,0xD7,0x68,
0xF8,0x12,0x90,0x84,0x0B,0x43,0xAD,0x12,0x08,0x51,0x16,0xE4,0x6A,0x6B,0xA2,0xB5,
0x99,0x04,0x61,0xF3,0xCA,0x98,0x07,0xBA,0x18,0xB8,0xF9,0xDF,0x52,0x2A,0x63,0xD5,
0xAC,0xCE,0xF9,0xAA,0x05,0xBC,0xB2,0x9E,0xAB,0xC4,0x33,0x52,0x8B,0x20,0x4D,0x4B,
0x7F,0x2A,0x3D,0x19,0x30,0xCB,0x9D,0x75,0x68,0xEE,0x85,0x38,0x02,0xC9,0xC4,0xD0,
0xB8,0x7B,0x34,0xFB,0xFE,0x62,0x2E,0x6B,0xFE,0x65,0xEC,0x27,0x3A,0x5A,0xDC,0x8E,
0x91,0xA2,0x80,0x55,0xE7,0x85,0x46,0x77,0x24,0x7E,0x1F,0x77,0xEE,0x18,0x67,0x89,
0x81,0x43,0x0A,0x58,0x48,0xCB,0xAF,0x14,0x61,0xF0,0x0B,0x5F,0x79,0xA5,0xEE,0x84,
0x21,0x2D,0xC4,0x20,0x21,0x96,0x98,0x60,0xCD,0x1B,0xC8,0xC6,0xD0,0x82,0xA9,0xBB,
0xCF,0xC4,0x0C,0xD7,0xFF,0xF3,0x68,0xC4,0xF9,0x31,0x3C,0x16,0x9E,0x28,0xCC,0x57,
0x78,0x1B,0x83,0xA2,0x99,0x41,0x81,0x16,0x3B,0xA4,0xFE,0xB2,0xF9,0xA8,0x9B,0xF6,
0xD6,0x2A,0xFC,0xA2,0x9E,0xB4,0xB2,0x62,0x20,0x4A,0x82,0x22,0xDB,0x18,0x22,0x42,
0xC4,0x18,0x9B,0x80,0xF5,0x45,0x68,0xEC,0xDB,0xBD,0x4F,0x52,0xBD,0xDB,0x54,0x90,
0x4C,0x5E,0xD4,0xB2,0x1B,0x97,0x4A,0xA4,0x16,0xE6,0x92,0x1B,0x3C,0xB9,0x4E,0xE1,
0xC8,0xEF,0x53,0xD4,0xC7,0xF3,0xD7,0x59,0xAD,0xAF,0x3A,0xF7,0x35,0x31,0xB0,0x3C,
0x73,0xDC,0x2E,0x88,0x19,0xD6,0x17,0xD5,0xA1,0x3A,0xDF,0x34,0x95,0x73,0x75,0x74,
0x9B,0x41,0x91,0x0E,0xC7,0x58,0x5E,0x68,0xE8,0xC9,0x8D,0x8C,0xE0,0xBA,0x51,0xD6,
0xE0,0x09,0xA1,0x68,0x48,0xED,0xBD,0x4C,0x8C,0x1C,0x86,0x83,0x22,0xB1,0xDB,0x15,
0xE8,0x2C,0xB0,0xC8,0x46,0x74,0x98,0xFE,0x79,0x73,0x0F,0xDD,0x6D,0x57,0xED,0x7C,
0xAB,0x58,0x9F,0xC6,0x72,0xA5,0xDF,0xDE,0xF5,0x62,0xBE,0xAD,0xFF,0xD6,0xFC,0xFB,
0xCE,0x67,0x52,0xA7,0x35,0x86,0x33,0xD9,0x63,0xAC,0xAA,0xEE,0x9F,0x5F,0xBC,0xE5,
0x17,0x72,0xBF,0xBB,0x55,0x61,0xF9,0x44,0x4D,0xF0,0x7F,0x5B,0x56,0x2C,0x66,0x91,
0x42,0x56,0x7A,0xE8,0x65,0x70,0x64,0x9A,0xED,0x00,0x05,0x01,0xFF,0xF3,0x68,0xC4,
0xFF,0x3E,0xB4,0x16,0xAE,0x40,0xD2,0x71,0xC8,0x80,0x79,0x8D,0x4D,0xD9,0x89,0x3F,
0x58,0x48,0x20,0x36,0xF5,0xB9,0x6E,0x1A,0xC2,0xE5,0xF9,0xDE,0xC5,0xA1,0x77,0x61,
0x11,0xF7,0xAC,0xB7,0x91,0xA7,0xE4,0x59,0x11,0x8E,0x86,0x99,0x76,0xAF,0xBF,0x34,
0xF9,0xCC,0x46,0x9E,0x35,0xDB,0x62,0xF6,0xA6,0x62,0xB9,0x59,0xB3,0x85,0x0F,0x32,
0xE5,0x6E,0x44,0x42,0xA5,0xCA,0x6A,0x88,0xA8,0x79,0x73,0xFA,0xBC,0xFC,0x7F,0x7F,
0x8E,0x39,0x63,0xF4,0x50,0xAC,0x75,0x43,0x2A,0xB3,0x85,0xA8,0xEB,0x9F,0x7B,0x57,
0x62,0x03,0xD1,0x51,0xEB,0x75,0x72,0xD7,0xF2,0xFA,0xCA,0xF4,0xDA,0xCA,0x3A,0x91,
0x8A,0x9C,0xA0,0x79,0xB9,0x98,0x8D,0xCB,0xA8,0x97,0x16,0xE9,0x22,0x4C,0xA2,0xCA,
0x74,0x56,0x64,0xE8,0xBA,0x4B,0x3A,0x52,0x2C,0x56,0xBB,0xAC,0x9D,0x2B,0x22,0xFB,
0x9E,0xD2,0x4D,0x72,0xE9,0x89,0x3A,0x89,0xA2,0x49,0x82,0xAE,0x3C,0xA9,0xFA,0x07,
0xC8,0x70,0xD4,0x34,0x64,0xE9,0xD5,0xD4,0x94,0xD9,0x75,0x4B,0x72,0xE3,0xD5,0xD4,
0xC6,0xE9,0x1F,0x52,0x0A,0xDB,0x72,0x2E,0x91,0xE7,0x59,0xE5,0xA6,0x6B,0x8B,0x61,
0xCB,0xD2,0x34,0x91,0xBE,0x52,0x33,0xEE,0x13,0x2E,0x1B,0xAA,0xF9,0xF3,0x28,0x61,
0x12,0x45,0xA8,0x11,0xFF,0xF3,0x68,0xC4,0xCF,0x34,0x44,0x16,0xB1,0xAC,0xCC,0x9F,
0xD0,0xA0,0xC7,0xC0,0x00,0x05,0x17,0xE2,0xB1,0xBF,0xBD,0x73,0x1E,0x5C,0x55,0x18,
0x11,0xAA,0xDB,0xBB,0x07,0x5B,0xAB,0x4B,0x61,0xDD,0x62,0xD4,0x8D,0x76,0x4A,0xB4,
0x83,0x07,0x62,0x4B,0x04,0x3C,0x56,0x17,0x9C,0x12,0x71,0x76,0x6C,0xB3,0xE7,0xF6,
0x33,0x29,0x87,0x61,0xD7,0xE1,0x20,0x65,0x36,0x73,0xA5,0x89,0xF3,0x0B,0xD2,0x56,
0xD6,0x66,0xE6,0x33,0x3B,0x26,0x35,0x4E,0x28,0xC1,0x0B,0xF1,0x31,0xA4,0xF5,0xCC,
0xB9,0x53,0xBF,0xBB,0x1F,0xAB,0xD9,0xD3,0x2C,0xA6,0xCF,0xBB,0x95,0x51,0x66,0x0F,
0xDC,0xA5,0x59,0x52,0x26,0xEE,0x14,0xE3,0x82,0xC6,0x0C,0x11,0x02,0xDA,0xE7,0x72,
0xFE,0x7E,0x6C,0x4D,0x99,0xC4,0x2C,0x6B,0xD5,0xC5,0x55,0x6E,0x8A,0x4F,0xEB,0xD7,
0x32,0x83,0x15,0xDD,0xA3,0xD3,0x79,0x8D,0x8F,0xFF,0xDD,0x35,0x8B,0x6E,0x90,0xDE,
0x9E,0xE4,0xE7,0xEF,0x5A,0xBC,0x90,0x98,0x1E,0x25,0x29,0x5B,0x45,0xC6,0x7C,0x2F,
0x08,0xF6,0x57,0x39,0x3F,0xA6,0xCD,0xD8,0x3B,0x93,0x8B,0xD1,0x6F,0xBF,0xF7,0x2E,
0xC0,0x2F,0x8B,0xDB,0xBC,0xB9,0x22,0xD7,0xEF,0x7A,0xB9,0xCA,0xBA,0xAB,0xBE,0xE1,
0x26,0xAB,0x00,0x53,0xFE,0xF9,0x8F,0x6C,0xCA,0xA6,0xD8,0x55,0xFF,0xF3,0x68,0xC4,
0xC9,0x3C,0x0C,0x0E,0x99,0xA0,0xDB,0xF3,0xC9,0xFC,0xF2,0xFF,0xC6,0xFD,0xFE,0x6D,
0xBC,0xBF,0x17,0xFC,0xAC,0x5D,0x9D,0xB7,0x56,0xC5,0xD8,0xD7,0xEB,0xFB,0x85,0xBB,
0x2E,0x8C,0x9F,0x2D,0xCF,0x7C,0xCE,0x3F,0x94,0xC8,0xA1,0x69,0xC3,0x97,0x2D,0x06,
0x55,0xD0,0x00,0x0A,0xDD,0x5B,0xF9,0xE7,0x87,0x37,0xA8,0x8B,0xBF,0x04,0x42,0xDD,
0x3E,0x52,0xCB,0x6B,0x4A,0x99,0x8B,0x1E,0xAC,0xFF,0xB7,0x05,0xA4,0x2C,0x17,0x83,
0x61,0x64,0xE2,0x38,0x42,0x86,0x16,0x39,0xCD,0xF3,0x0A,0xB6,0xB6,0xBC,0x04,0x81,
0x28,0xF0,0xB9,0x46,0xE8,0x56,0xB1,0x9D,0xD7,0xBA,0x63,0x3E,0x72,0x20,0x61,0x22,
0x89,0x41,0x32,0x3A,0xE0,0x56,0x6D,0x07,0xE3,0xDA,0xF3,0x1D,0xFD,0x6F,0x2B,0xFD,
0xCA,0xF3,0xA6,0xF9,0xFE,0xE0,0x88,0x8D,0x6D,0xD5,0x7C,0x4B,0x49,0x73,0x75,0x12,
0x38,0x21,0x56,0x2B,0xF8,0xCC,0x77,0x9F,0x95,0x42,0x58,0xA8,0xC7,0xD6,0xCE,0xEA,
0x35,0x25,0x94,0xE3,0x74,0x9E,0x7D,0x69,0x86,0x02,0xAD,0x13,0x93,0xA6,0xAD,0xA9,
0x16,0xAD,0xF6,0x59,0xA0,0xE8,0x16,0x2D,0x49,0x26,0xA1,0x41,0x8A,0x81,0x40,0x9D,
0x53,0x24,0x9E,0x99,0xAC,0xC4,0x9B,0x2E,0xB1,0x50,0xCC,0xA0,0x2C,0xD0,0x38,0xF8,
0xC1,0x15,0x5B,0x51,0xFF,0xF3,0x68,0xC4,0xA3,0x36,0x6C,0x16,0x99,0x80,0xDC,0xD7,
0xCC,0x24,0x27,0x54,0x54,0x4E,0xA4,0x7D,0x1D,0x4A,0x30,0x6C,0xE9,0xE6,0xA4,0x3A,
0xE4,0x7C,0xEC,0xED,0xFE,0x62,0x62,0x05,0x8E,0x2A,0x57,0x6E,0xEA,0x77,0x08,0x23,
0x64,0x25,0x89,0x38,0xC1,0xC8,0x96,0xC8,0xD0,0xF8,0x7B,0x5F,0x7A,0xA5,0xCE,0xB2,
0x4D,0xB3,0xEA,0xC0,0xEB,0xF7,0x56,0xB2,0xB9,0x22,0x48,0x00,0x20,0x56,0x27,0xEE,
0xD3,0x46,0xA0,0x0C,0x6B,0xEE,0xE4,0x1F,0x5E,0x62,0xCC,0x4F,0xB1,0x8F,0x94,0x3E,
0x30,0x3F,0xE1,0x04,0x63,0x16,0xCA,0x27,0x14,0x2A,0xD0,0xD2,0x69,0xEA,0x46,0x22,
0x72,0x27,0xFE,0x62,0xCC,0x14,0x5F,0x15,0x4E,0xD3,0xA1,0x87,0x61,0x15,0xDE,0x08,
0xEF,0xEE,0xC6,0x1B,0xB7,0x9D,0x74,0x9D,0x79,0x7C,0x85,0x82,0x87,0x2F,0xF3,0x0E,
0x6B,0xBF,0x9E,0x9E,0x55,0xE4,0x46,0x36,0x36,0x27,0x07,0xF3,0xB9,0x4B,0x1E,0x47,
0x8D,0x0F,0x63,0xC0,0x33,0xCC,0x5B,0x53,0xDA,0xDF,0x78,0xBC,0x78,0xB9,0xF9,0xDD,
0x29,0x8A,0x43,0xBE,0x32,0xF2,0x26,0x62,0x69,0xBE,0x1C,0x4A,0x7B,0xFD,0xFF,0xFE,
0x35,0x9D,0xE6,0xFB,0xC5,0x33,0xD8,0xDC,0x23,0xDA,0x9A,0xBE,0xD7,0x2F,0x7C,0xFF,
0x5F,0xE7,0xE3,0x1E,0x95,0xDF,0xFF,0x6B,0x40,0xB9,0x83,0x09,0xFF,0xF3,0x68,0xC4,
0x94,0x31,0xB4,0x12,0xB2,0x68,0xCB,0xCD,0x94,0xE3,0x5A,0xAD,0x48,0xC9,0x1D,0xE3,
0x3B,0x3E,0xED,0x03,0x6F,0xE7,0x87,0x1F,0x14,0xD7,0xBD,0xF0,0x7D,0x15,0x19,0x7A,
0xD8,0xD1,0xFD,0x81,0x63,0x7F,0xDB,0xBD,0xF5,0x73,0x20,0xF4,0xA2,0xDA,0x2E,0x0F,
0xBE,0xD1,0xCF,0xDE,0xD1,0xDB,0x7F,0xFF,0x1B,0x5A,0x0B,0x4E,0xAE,0xAF,0x90,0x0A,
0xBC,0x79,0xB5,0xBA,0x08,0x1A,0xEB,0xA2,0xC7,0x1A,0xF3,0xB0,0xA1,0xEB,0x0C,0x18,
0x78,0xC0,0x25,0x34,0x81,0xCE,0x38,0x42,0xEE,0xA5,0x6E,0x69,0xEA,0xEC,0x29,0xBC,
0x11,0x37,0x15,0x96,0x3A,0xD0,0x53,0xDA,0x40,0xA1,0x38,0x94,0xB1,0x51,0x26,0x8A,
0x06,0x85,0xC2,0x30,0x13,0x32,0x30,0xDA,0x04,0x45,0x24,0xFD,0xB8,0xB3,0x91,0xC1,
0x1F,0xE2,0xD0,0x1C,0x83,0x29,0x6B,0xBD,0x13,0x9D,0xAD,0x4B,0x1A,0x6E,0x12,0xFA,
0xC4,0x2A,0x22,0xCC,0xAA,0x86,0xD7,0xCE,0x5A,0xA5,0xCA,0x55,0x6D,0xFD,0xBE,0xFC,
0xDD,0x32,0x6A,0x32,0xFE,0xC5,0x63,0x4E,0xB5,0x9A,0xD1,0xAB,0xEC,0xA6,0x76,0x55,
0x4C,0xCF,0x67,0xED,0x6E,0xED,0x9C,0xB7,0xAC,0xE9,0xE4,0x99,0xC9,0xA3,0x50,0x75,
0x35,0xAB,0xB1,0xA9,0xB9,0x6E,0x4D,0x68,0x04,0x49,0xC9,0x4D,0x9A,0x07,0xE7,0x1C,
0x27,0xE9,0x69,0x7E,0xFF,0xF3,0x68,0xC4,0x98,0x43,0x94,0x16,0xAE,0x40,0xD6,0x1F,
0x5C,0xB6,0xB2,0xD6,0xFB,0x5A,0x6E,0xAD,0x6B,0x3F,0x4D,0x6A,0xAD,0x2E,0xAA,0x4B,
0xAE,0x4B,0xBE,0x53,0x7A,0x34,0xCF,0xE2,0x6E,0xBF,0x3B,0xBF,0xDF,0x35,0x6A,0xBC,
0x92,0xED,0x9C,0x6B,0x6E,0xA5,0x5B,0x0C,0xF2,0x1E,0x97,0x57,0x6B,0x28,0xF0,0x1C,
0x76,0x23,0x3B,0x0C,0xC0,0xB9,0x46,0xAD,0x5A,0x87,0x65,0xB0,0x14,0x22,0x6A,0x9B,
0x3A,0xB8,0xF3,0x2A,0x6A,0x31,0x67,0x2C,0xB4,0x7C,0xF9,0xEC,0x2A,0x3D,0xC3,0xE9,
0x9E,0x4F,0x4F,0x26,0xE0,0xFC,0x3E,0x66,0x61,0x8E,0xA4,0x1E,0x24,0xB9,0xEA,0x19,
0xB7,0xB7,0x97,0x58,0xB4,0x68,0x35,0x88,0xDD,0x15,0x37,0xAA,0xD7,0x76,0xC6,0x6D,
0xAA,0xC6,0x84,0xF8,0x9C,0x9D,0x4E,0xEA,0x30,0x0D,0xF5,0x11,0x92,0xA9,0x5A,0x46,
0x4A,0x84,0x5C,0x77,0xEC,0x9E,0x3A,0x89,0x78,0xF2,0xF1,0xF5,0x3C,0x52,0x14,0xD0,
0xEA,0x4D,0x86,0x2B,0x15,0x7C,0x8B,0x4C,0x5A,0xD6,0x51,0x9A,0x15,0xB2,0x08,0x8E,
0x1D,0x35,0xA5,0x42,0xAF,0x52,0xF2,0xE6,0x75,0x7F,0x1B,0x2D,0x92,0xB6,0x7B,0xE7,
0x17,0xB4,0x1F,0x5C,0x54,0x62,0x2B,0x7E,0xCF,0x5D,0x39,0xAF,0xA5,0xCB,0x77,0x33,
0xF9,0x4B,0xFA,0x72,0xDC,0x4E,0x4C,0x66,0x1D,0xBA,0xEA,0x77,0xFF,0xF3,0x68,0xC4,
0x54,0x3A,0x64,0x16,0x9D,0x40,0x66,0xB2,0xC8,0x2D,0xC7,0x1E,0x89,0xEE,0x4D,0xC1,
0x63,0x4D,0xD3,0x7D,0x6C,0x75,0xFB,0x99,0xB7,0x33,0x9D,0x3B,0xE3,0x20,0xCB,0xEA,
0xEF,0x96,0x73,0x6E,0x80,0xAB,0xDB,0x5E,0xEA,0x3D,0x0B,0xEB,0x22,0xE6,0xB9,0xFB,
0xFA,0xBC,0xD6,0x5C,0xA9,0x97,0x70,0xCA,0xCF,0xFF,0xF6,0x9E,0x83,0xBD,0xB9,0x6B,
0xB5,0x99,0x0C,0x0A,0x34,0x75,0xBC,0xB3,0xC7,0x9A,0xCB,0xF5,0x4F,0xAE,0xEB,0x79,
0x72,0xA6,0x2E,0xDD,0x8E,0xEE,0x80,0x64,0xE1,0xE6,0xBB,0xAB,0x90,0x54,0x1F,0xBD,
0xD2,0xC6,0x6C,0x6A,0x81,0xA7,0x3D,0x95,0x77,0xFC,0xCA,0xF6,0xB5,0x6E,0xE6,0x1C,
0xA9,0x76,0xC6,0xAF,0xE5,0xD9,0xB9,0xD9,0xCB,0x53,0x30,0xBC,0x75,0x9D,0xEF,0xD6,
0x76,0x6A,0xD0,0xBF,0x30,0xEA,0x23,0x3F,0x3B,0xCB,0x9C,0xB1,0xFD,0xC7,0x2F,0xDE,
0xA8,0x69,0x3F,0x5F,0xBB,0x3C,0xE7,0xCA,0x33,0xD7,0x28,0x11,0x9A,0x2D,0xDA,0x54,
0x82,0x75,0x2B,0x15,0x0E,0xAB,0x39,0xDC,0x96,0x52,0x2D,0x88,0x03,0x2C,0xC9,0x70,
0xAC,0xD0,0x92,0x9A,0x03,0xC4,0x09,0x3A,0x20,0xE0,0x09,0x5E,0x1A,0x4F,0x76,0xAD,
0xCB,0x63,0x94,0xE1,0x6A,0x59,0x2D,0x21,0x27,0x6D,0x24,0x1D,0xCA,0x03,0xA5,0x4F,
0x52,0xC3,0x1D,0x34,0xFF,0xF3,0x68,0xC4,0x35,0x2F,0x8C,0x12,0xA1,0xE0,0x4E,0x68,
0xE4,0x58,0xA7,0x03,0x82,0x15,0xEE,0x48,0x25,0x52,0xD9,0xD9,0x12,0x68,0x5A,0x40,
0x44,0xB0,0x44,0x54,0xAC,0x5D,0x62,0x75,0xD4,0x8A,0x86,0x96,0x74,0x50,0x81,0x7D,
0x91,0xAD,0x17,0xB5,0xD3,0x40,0xD4,0x8D,0x6D,0x74,0x1D,0x25,0x05,0xB0,0x1E,0x2B,
0x3E,0x56,0x50,0x84,0xAD,0xDE,0x75,0xD4,0xD4,0xD0,0xE9,0xBD,0x6C,0x60,0x51,0x49,
0x4A,0x77,0x72,0x38,0x2C,0xB0,0x64,0x19,0x17,0xDE,0xB4,0x55,0x5A,0xD7,0x4A,0x7C,
0x88,0xF4,0x03,0x74,0x23,0x63,0xEC,0xC6,0xE4,0x82,0x46,0xC8,0x1C,0xAC,0x8D,0x1A,
0x83,0xB5,0x6B,0xF5,0x2D,0x8E,0x59,0x48,0xA6,0xB4,0xA9,0x14,0x4B,0xA7,0x97,0x2B,
0x6B,0x66,0x52,0xB2,0x64,0x89,0x0C,0x78,0xB0,0x0D,0x87,0x64,0x5D,0x3A,0xAF,0xA8,
0xE9,0x55,0x0A,0x97,0xAD,0x24,0xB5,0x22,0x43,0xCF,0x55,0x7C,0x00,0xF9,0x24,0x2A,
0x3B,0xD9,0x72,0xCB,0x92,0x06,0xAD,0xB1,0xF1,0xA9,0xCD,0x94,0x2A,0xB7,0x4D,0x48,
0xFE,0x11,0x23,0x90,0x60,0x88,0x24,0xB6,0x1E,0xF4,0x35,0x2E,0xE5,0x14,0x3D,0x2E,
0x14,0x0C,0xF4,0x41,0xBE,0xBF,0x9F,0xD3,0x73,0xB6,0xF0,0xA0,0x5A,0xD5,0x7F,0x3F,
0xEA,0xE4,0x9C,0x44,0x67,0x81,0xC1,0x0C,0x17,0x22,0x48,0x5E,0xFF,0xF3,0x68,0xC4,
0x41,0x2F,0x74,0x0E,0x99,0x60,0x4E,0x28,0xD1,0xA7,0xAC,0xC0,0x72,0xC0,0xA5,0xB0,
0x1A,0x6E,0x3B,0x0A,0x64,0xC1,0x6D,0x15,0x4B,0x22,0x13,0x9B,0xAC,0xC0,0x31,0xE0,
0x44,0x60,0xAA,0x93,0xA5,0xCD,0x5C,0xB8,0xA4,0x8C,0xD2,0x6A,0xAB,0x65,0x8F,0x80,
0x6D,0xF1,0x89,0x5A,0xD9,0x42,0xB6,0x3E,0xDE,0x9C,0xD1,0xE6,0x29,0xF4,0xBA,0x8D,
0xC8,0x33,0x54,0x9E,0x3F,0x09,0xCC,0x80,0x9A,0x97,0x96,0xA7,0x7D,0x2E,0xBB,0x1B,
0x5C,0x73,0x96,0xF8,0xA1,0x87,0x72,0x6C,0xB2,0xE1,0x4E,0xB7,0x52,0x0C,0x60,0x33,
0x23,0x01,0x27,0xE8,0xE8,0xA8,0xD6,0xAB,0xDB,0x3A,0x74,0xF2,0xCD,0x0B,0x9B,0xEB,
0x46,0x91,0xD3,0x53,0x60,0xC5,0x23,0xB1,0xB5,0xA5,0x52,0x95,0x46,0x68,0x5F,0x6B,
0xA2,0xBE,0x6C,0x87,0x35,0x99,0x7C,0x1F,0xC5,0x2F,0x10,0x34,0xA4,0x3B,0x26,0x8D,
0x31,0x17,0x1F,0x40,0xFF,0x82,0x55,0x28,0xA4,0xE9,0xB8,0x80,0xD8,0xE4,0xA9,0x1C,
0x86,0x4C,0x75,0xA2,0x71,0x4A,0x3D,0xCB,0x23,0x82,0x2B,0xDB,0x3B,0xE9,0x0A,0xEF,
0x3F,0xF9,0xBB,0x78,0x56,0x81,0x7B,0xFC,0xC7,0x8C,0x5A,0x13,0xC8,0x20,0xA0,0x4C,
0x75,0xB7,0x07,0xBA,0xFD,0xFE,0xF5,0x5A,0x5A,0xE5,0x1C,0x9A,0x0D,0xCD,0x02,0xD3,
0xD8,0x91,0xDD,0xD7,0xFF,0xF3,0x68,0xC4,0x4E,0x2C,0x5C,0x12,0x95,0x40,0x4E,0x60,
0xD8,0x49,0x51,0xD4,0x56,0x4C,0x98,0x19,0xB0,0x19,0x4F,0x4F,0x7B,0xCD,0xCB,0xE6,
0x06,0xCF,0xA9,0xEB,0x62,0x90,0xC4,0x17,0x0B,0x58,0xD1,0x13,0x13,0xC9,0xF9,0x89,
0xD4,0x75,0xBF,0x6F,0x34,0x24,0x56,0xDD,0x11,0xC6,0x1B,0xB0,0xE3,0x8F,0xAF,0x75,
0x74,0x5B,0xAD,0x68,0xA0,0x39,0xA9,0x71,0xF4,0x7D,0x4E,0x91,0x5C,0x9A,0xD6,0x9B,
0x28,0x94,0x0E,0x84,0x79,0x4B,0xD4,0xB5,0xBA,0xD0,0xA9,0xDB,0xA9,0x45,0x96,0x99,
0x0D,0xED,0x05,0xEA,0xDC,0xD8,0x78,0x10,0x79,0x05,0xDE,0x7B,0xF9,0x91,0xF5,0x51,
0x5F,0x5F,0xA8,0xC9,0x4A,0x98,0x00,0x80,0x41,0x70,0x72,0x84,0x94,0x55,0xD9,0x42,
0xFA,0x29,0x13,0x1D,0x07,0xF0,0x80,0x86,0x7F,0xA1,0x95,0xF0,0x34,0xBA,0x90,0x5B,
0x8C,0x32,0x26,0x29,0x45,0xA8,0xFD,0x48,0xAC,0xA8,0x81,0xE3,0x63,0x74,0x09,0x7A,
0x6A,0x5B,0x20,0x7D,0x13,0x84,0xBA,0x6A,0x4E,0xB1,0x01,0x49,0xF5,0x8D,0x60,0xEC,
0xA5,0x48,0x6B,0x24,0xD5,0x59,0x35,0x19,0x8B,0x40,0x19,0x1C,0x01,0x91,0x8B,0xEC,
0x6A,0xA3,0xF5,0x8F,0x91,0xCE,0x3C,0xB5,0x09,0x68,0xC3,0x36,0x67,0xBE,0xA7,0x5A,
0x8D,0xDD,0x0F,0xAA,0x47,0x02,0x10,0x25,0x6E,0xF1,0xC9,0x75,0xFF,0xF3,0x68,0xC4,
0x67,0x2A,0xE4,0x0E,0x95,0x64,0x36,0x28,0xC9,0x7E,0xB6,0xB3,0xEE,0xDA,0xD1,0x3E,
0x57,0x6D,0x0A,0xC4,0x62,0x0D,0x82,0x84,0x18,0xE5,0xAF,0xDF,0x63,0xB5,0x26,0xA3,
0x52,0x49,0x2E,0x71,0xDB,0x22,0xA5,0x56,0x53,0xE6,0x46,0x03,0x1E,0x9A,0xBA,0xB5,
0xB2,0x0B,0xAA,0xFD,0xD4,0x4C,0xBA,0x8C,0xCA,0xBF,0xF4,0xCE,0x13,0xE3,0x26,0x5C,
0xA9,0x9C,0xFE,0xB5,0x51,0xDD,0x1A,0x0A,0xEB,0x26,0x53,0xDC,0xC5,0x4A,0x24,0xA0,
0x0B,0xCB,0x22,0x51,0x3A,0x9A,0x93,0x44,0x15,0x55,0x71,0xB1,0x4B,0x0E,0x65,0xC6,
0x21,0x13,0x88,0xC4,0xC8,0xB5,0xBA,0x41,0xF0,0x24,0xF1,0x10,0x23,0x38,0x41,0xB2,
0xB9,0xF8,0xD0,0x10,0x83,0xF6,0x86,0x05,0x1D,0x4E,0xB7,0x7A,0x9C,0xC0,0xD1,0x14,
0x1D,0x8E,0x07,0x70,0x8B,0x2C,0xBC,0x41,0x4D,0x37,0x6A,0xB5,0x2D,0x92,0x22,0x80,
0x52,0x20,0xC4,0x16,0xCD,0x4E,0x9B,0xA1,0x91,0xA2,0x02,0xA3,0x58,0xBD,0x13,0x27,
0xB5,0x5D,0x66,0x28,0x1A,0x5B,0xEB,0x51,0x36,0x1B,0x70,0xA9,0xF6,0x58,0x9B,0xAD,
0xD4,0xA4,0x9F,0x53,0xED,0xD6,0xC6,0x85,0xCF,0xA8,0x5A,0x43,0x3B,0x12,0x89,0xF3,
0x76,0x56,0xD5,0x32,0xF5,0xD9,0x49,0x13,0x8C,0xFA,0x94,0xF9,0x34,0x5B,0xD4,0x9D,
0x22,0x30,0xBE,0x5B,0xFF,0xF3,0x68,0xC4,0x86,0x27,0xD3,0xB6,0x91,0x44,0x4E,0x26,
0xC8,0x38,0xDF,0xB9,0x96,0xAF,0xE5,0xD7,0xA2,0xFF,0xBE,0x4C,0x9B,0x13,0xE4,0x54,
0xC7,0x5C,0xE4,0xA9,0x81,0xE5,0x8E,0x1A,0xCE,0xC5,0xEA,0x38,0xA8,0x08,0x00,0x00,
0xFD,0xC9,0x21,0xC7,0x4D,0x9A,0x43,0x32,0x12,0x60,0xC2,0xE4,0x31,0x8A,0xAA,0x63,
0x7C,0xC9,0x3F,0xD9,0x54,0x69,0xA5,0x00,0x91,0xC2,0xC7,0x94,0x51,0xDA,0xAF,0x6D,
0xFE,0x6E,0xC2,0x96,0x1A,0x56,0x9D,0x6F,0xCB,0xF3,0xD7,0xEB,0xE6,0xA5,0xB9,0x73,
0x3C,0x76,0xB0,0xF2,0x6B,0x98,0xA9,0xAB,0x8B,0xBA,0x92,0x0A,0x39,0x8B,0xD6,0x3B,
0xBE,0x67,0xA9,0xE3,0x12,0x76,0x1B,0xA9,0xBA,0xB2,0x8B,0xDC,0xC2,0x20,0x01,0xF6,
0x3A,0x6A,0x0B,0x33,0xF7,0xAF,0xB9,0x40,0x9D,0x3E,0xDD,0x1D,0x0C,0x11,0xD2,0x79,
0xD4,0xCE,0xB1,0x5D,0x65,0xB2,0xFF,0xAB,0xA9,0xF5,0xCD,0x8A,0x3F,0x40,0x7F,0x0C,
0x24,0x1E,0x35,0x23,0xFA,0x3D,0x79,0xC9,0xB9,0x45,0xBA,0xD6,0x5B,0xB9,0x89,0xB5,
0x77,0xA4,0x4D,0x10,0xE3,0xEB,0x6F,0xE7,0x35,0x57,0xDD,0x91,0x3F,0x51,0xFF,0xF4,
0x8C,0x88,0xF2,0xD0,0x9D,0x52,0xA2,0xB9,0xAF,0x4E,0xB5,0x9D,0x45,0x19,0x45,0x6D,
0xA8,0x8E,0x3E,0xA3,0x7B,0x0E,0x20,0x10,0x00,0x1B,0xB7,0x76,0xFF,0xF3,0x68,0xC4,
0xB1,0x2A,0x83,0xFE,0x8D,0x7C,0x4E,0xA2,0xD9,0xFF,0xB3,0x3A,0x7B,0x35,0xE7,0x27,
0xA3,0xD5,0xB9,0x35,0x2B,0xDD,0xDA,0x5A,0xF1,0x09,0xFB,0x11,0x06,0xEC,0xA2,0xA5,
0x61,0x4B,0x5A,0xA9,0x54,0xA1,0xD4,0x48,0xE8,0x86,0xB5,0x1E,0x69,0x51,0x18,0x60,
0x05,0xF1,0x47,0x8E,0xD4,0x1F,0xDC,0x3E,0xED,0xDF,0xD6,0x33,0x50,0xF7,0x7F,0x7C,
0xDA,0x38,0xE7,0x8B,0x85,0x04,0xE1,0xDD,0x3E,0x19,0x7F,0x31,0xD7,0x7F,0x5C,0x89,
0x9A,0x80,0x14,0x0D,0x7A,0xFC,0xA1,0x92,0xD1,0xFF,0x4A,0x06,0x46,0x8A,0x4C,0x3F,
0x81,0x70,0x4B,0xEA,0xEB,0x3E,0x6C,0x4C,0xD5,0xF5,0xC8,0x70,0x16,0x89,0xA6,0x53,
0x54,0x3A,0x8F,0x9F,0xEE,0xBE,0xB5,0x75,0xF5,0xB1,0xA9,0x16,0x57,0xA4,0x2D,0x63,
0x24,0x3E,0x8A,0xA6,0x0D,0xF3,0xF5,0xBF,0x4D,0x6C,0x39,0xC6,0xCD,0xD6,0x96,0x46,
0x3D,0x5D,0x72,0x3A,0x62,0xDA,0xBD,0x48,0xEF,0xE8,0xA9,0x8F,0xAD,0x46,0xDA,0x97,
0xF3,0x86,0x84,0x40,0x5B,0x47,0x7D,0xB7,0x28,0x5B,0xEC,0xB5,0x19,0x7C,0xE5,0x63,
0x35,0xA0,0xA1,0x06,0xD7,0xEA,0x8A,0x89,0xD7,0xA2,0x1E,0xE2,0xDA,0x4C,0x2D,0x88,
0x18,0x00,0x13,0xD5,0xE5,0xC2,0x63,0xB7,0xAB,0xCC,0x19,0x85,0x8A,0xD0,0x82,0x4F,
0x77,0xCF,0x04,0xE1,0xFF,0xF3,0x68,0xC4,0xD2,0x2E,0xA4,0x16,0x85,0xEE,0xCC,0x19,
0xB4,0xFF,0x2F,0xC1,0xEF,0xAA,0xAD,0x90,0xC4,0xCC,0xE0,0x47,0x1D,0x2B,0xE2,0x4D,
0xDA,0x6B,0x0E,0xCC,0x44,0x2D,0x79,0x34,0x32,0xB8,0x3F,0x5C,0xE5,0x6C,0xB9,0xF6,
0xE6,0x1C,0xCC,0x32,0xE7,0x32,0x50,0x69,0x1D,0xAB,0x0C,0x56,0x5F,0x4B,0xA7,0xDE,
0x41,0x8D,0xDA,0xD9,0xFF,0xF7,0x38,0xE0,0x06,0x88,0x22,0xBE,0xA0,0xAB,0xD6,0xBB,
0xC2,0x80,0x97,0xAD,0xCC,0x83,0xAC,0x08,0xF0,0xAA,0x95,0x3B,0xB6,0x68,0x4B,0x99,
0x7A,0xEE,0x92,0x89,0x50,0x20,0x44,0x15,0xBC,0xA0,0x6A,0xCC,0xAA,0xEB,0x6F,0xD6,
0x8D,0xD7,0x2F,0x8E,0xD7,0xF9,0x01,0x00,0x69,0x13,0x13,0x6B,0x7A,0xDA,0xAA,0xD9,
0x68,0xA8,0xF0,0xD1,0x57,0xAD,0x0B,0x17,0xDD,0xFA,0x99,0x32,0x2C,0x5A,0x3B,0xD5,
0xA9,0xCE,0x2B,0x5A,0xFD,0x47,0x1E,0xA7,0xFF,0x52,0x69,0x11,0xC3,0xA1,0x25,0xA4,
0xD4,0x3A,0xED,0xA4,0xF4,0x9B,0xCC,0xE5,0x24,0x35,0x6E,0xD6,0xB6,0xFB,0xC7,0x35,
0x33,0x3D,0x30,0xC6,0x1B,0x47,0x3F,0x55,0x28,0x65,0x96,0xB4,0xBE,0x1A,0x7E,0x2F,
0x2B,0xE3,0x05,0x11,0x10,0x7E,0x92,0x50,0x54,0x11,0x03,0x52,0x7F,0x8D,0x23,0xB3,
0xF2,0x06,0xC9,0x04,0x09,0x28,0x0E,0x15,0x90,0xA6,0x75,0xBC,0xFF,0xF3,0x68,0xC4,
0xE1,0x2B,0x43,0xFA,0x81,0x74,0x66,0x64,0xD9,0x25,0x98,0x45,0xE2,0x56,0x69,0x9B,
0x04,0xAF,0x3D,0x54,0xFB,0xA1,0x41,0x5E,0xA9,0xE4,0xA6,0x42,0x9A,0xF9,0xFC,0xA6,
0xFF,0x35,0xAD,0xE7,0xFC,0xC9,0xE1,0x32,0x6F,0x52,0x33,0xDB,0x97,0x31,0x79,0x0E,
0x5E,0xF1,0x31,0x28,0xB6,0x74,0x89,0x56,0x06,0xE6,0xC7,0xEB,0xF0,0xFE,0x77,0x22,
0x1A,0x3C,0x33,0x27,0xBE,0x48,0xAC,0x8C,0x01,0x65,0x1D,0xA6,0xEC,0x82,0x29,0x09,
0x7A,0xD7,0x53,0x29,0x04,0x8C,0x1B,0x7D,0x14,0xF5,0xA2,0x78,0x5B,0xFA,0xE6,0x60,
0xD3,0x00,0x6F,0x07,0x35,0x45,0xF3,0x6A,0xDD,0xEB,0xAD,0xCC,0x10,0x49,0x05,0x0E,
0x78,0xE3,0x35,0xEE,0x9B,0x33,0x91,0x13,0xEC,0x95,0x99,0x12,0x98,0x8C,0xCA,0xAB,
0x37,0x6A,0xB4,0xA5,0x24,0xF4,0xBC,0xE9,0xC2,0x39,0x25,0x16,0x10,0xAE,0xBE,0xB7,
0x45,0x01,0xCA,0x18,0xE2,0x69,0x6C,0xF4,0x7A,0x57,0xCC,0x33,0xBF,0x31,0x6C,0xBD,
0x4C,0x41,0x4D,0x45,0x55,0x28,0x00,0x28,0x07,0xC9,0xBB,0xF5,0xE1,0x52,0xF9,0x65,
0xD9,0x55,0x78,0x79,0xCB,0x89,0x49,0x29,0xA2,0xDB,0xB5,0x59,0x60,0x1B,0x3F,0xCA,
0x6B,0x21,0xD0,0x98,0xE6,0xC4,0x04,0x24,0x66,0x30,0x26,0x26,0x01,0x2B,0x96,0x4F,
0xBA,0x0E,0xBE,0x06,0xFF,0xF3,0x68,0xC4,0xFF,0x32,0xAB,0xFA,0x70,0xC0,0xD6,0x65,
0x14,0x22,0x2B,0x18,0x55,0x79,0x0B,0xB1,0x10,0x67,0x4C,0xDE,0x21,0x5E,0x97,0x28,
0x31,0xA0,0x57,0xCF,0xED,0xE4,0xED,0x31,0xC8,0xC2,0x77,0x3C,0xB0,0xBA,0x98,0x5C,
0xB5,0xFA,0xDF,0x9D,0x64,0x50,0x29,0x81,0xC0,0xA0,0xA0,0xD0,0x8D,0x71,0x26,0x33,
0x66,0x2F,0x05,0xA7,0x15,0x1E,0x12,0x28,0x22,0x99,0x59,0x9E,0xE9,0x3D,0xCE,0x0D,
0x87,0xA1,0xB3,0xC8,0x9C,0xCC,0x06,0x8C,0x38,0x12,0xBE,0x22,0x4F,0xAD,0x4A,0x75,
0x2F,0xB2,0xEA,0x36,0xB2,0xD0,0x22,0x64,0x12,0xCA,0xBA,0x01,0x33,0x00,0xCA,0x87,
0x7A,0x25,0x87,0x7F,0x5D,0x54,0xD9,0x6B,0x72,0x81,0x0C,0x35,0x42,0xA5,0x2D,0x56,
0x2F,0x3C,0xC5,0x9D,0x71,0xF2,0x2B,0xA7,0xCE,0x1F,0xEA,0x52,0xA9,0x23,0xBF,0xD4,
0x4D,0x67,0x0F,0x76,0xF5,0x3A,0x65,0x82,0x0C,0x4E,0xB0,0x09,0xB0,0xA3,0xF4,0xD2,
0xED,0x48,0x01,0x9E,0x71,0x05,0xF0,0x69,0x00,0xF3,0xA5,0xE4,0x95,0xF0,0xC2,0x72,
0xAD,0xA9,0x4C,0x08,0xE0,0xC3,0x15,0xE4,0x51,0x3A,0x6B,0xD1,0x55,0x56,0x5D,0x55,
0x65,0xCE,0x89,0x09,0x11,0x81,0x86,0xBE,0x8C,0xB0,0xC5,0x89,0x08,0x0B,0x49,0xD3,
0x53,0xEE,0x91,0xAE,0xC8,0x5A,0xEB,0x09,0x30,0x26,0x90,0xE2,0xFF,0xF3,0x68,0xC4,
0xFA,0x31,0x74,0x02,0x71,0x04,0xDC,0xC7,0x98,0x35,0x13,0x68,0x36,0x30,0xB9,0x49,
0x28,0xFB,0xB9,0xCA,0x99,0x7E,0x73,0xD5,0xEF,0xD4,0xB0,0xAB,0x67,0x56,0xBA,0x40,
0xBE,0x78,0xF6,0x6F,0x2D,0x7E,0x7F,0x77,0xB9,0x55,0x64,0x4B,0xB0,0x68,0x7B,0x1B,
0x4D,0x85,0x9A,0x4F,0x5E,0xB8,0x35,0x44,0x8C,0x91,0x67,0x0F,0x44,0x09,0x09,0xDD,
0xD6,0x93,0xBB,0x4A,0x24,0xD9,0x75,0xD5,0x52,0x90,0x4C,0x8A,0x38,0xC6,0x85,0x02,
0x1C,0x09,0xEB,0xB2,0x02,0x56,0x79,0x09,0xD9,0x92,0x6B,0x75,0xD7,0x5B,0x1D,0x52,
0x9A,0xB2,0x40,0x7C,0xF6,0x49,0x83,0x17,0x01,0xA2,0x24,0x61,0x48,0xB2,0x93,0xD5,
0x67,0x52,0xA8,0xB2,0x96,0xE5,0x92,0x65,0xCF,0x57,0x44,0xA9,0x94,0x5D,0xCC,0xFA,
0x07,0x4B,0x85,0x62,0x82,0x4B,0xFD,0x6C,0x33,0xDD,0x38,0xF6,0x0E,0x87,0x76,0xB1,
0x17,0x71,0x3F,0x65,0x12,0x60,0x5C,0xCE,0x92,0x8C,0x6F,0xE0,0xE2,0x29,0x5E,0x03,
0xA1,0x92,0xDE,0x21,0x14,0x15,0x9A,0x0D,0x14,0xCD,0x9B,0xED,0x1E,0x8A,0xDE,0xA4,
0x71,0x67,0x15,0x8B,0xC0,0xF1,0xFD,0x43,0xB0,0x6C,0xB1,0xFC,0x4C,0x25,0x7F,0x0B,
0x61,0xED,0x61,0x95,0x0B,0x4B,0x27,0x52,0x32,0x18,0x59,0x79,0x81,0xC0,0x83,0xD6,
0x5C,0x3B,0x0F,0x3B,0xFF,0xF3,0x68,0xC4,0xFF,0x34,0x6B,0xFA,0x68,0x04,0xDC,0xD1,
0xB1,0x7A,0xCF,0x3A,0x63,0x03,0xC3,0xCF,0xCA,0x1A,0xD4,0x2F,0x55,0xBD,0x33,0x7F,
0xED,0xE5,0x2D,0x51,0xEA,0x5A,0x49,0x8B,0x97,0x42,0xE2,0x31,0x79,0x91,0x00,0x4A,
0x74,0xC5,0xA9,0xF7,0x62,0x7B,0x3B,0x9F,0xF8,0xFE,0xBF,0xA6,0x26,0x88,0xFB,0x53,
0xE1,0x55,0x4F,0x50,0x5E,0xF1,0xBA,0x1D,0x82,0xDA,0x96,0x33,0x80,0x49,0xEA,0xD6,
0xA3,0xE9,0x39,0x88,0xEA,0x1B,0x44,0x72,0x4B,0xDA,0x90,0xFB,0x3A,0x43,0x01,0x36,
0x8E,0x4B,0xAC,0xDD,0x8D,0x88,0x61,0xB2,0x75,0x9F,0x3A,0x79,0xF5,0x2F,0xAD,0x57,
0x59,0xE2,0x7C,0x59,0x48,0x75,0x1D,0x0C,0x1C,0x03,0x6A,0x11,0xA1,0x3A,0x62,0x5E,
0x55,0x75,0xA1,0x4D,0xBA,0x38,0xB0,0x2E,0x1F,0x3B,0xCC,0x07,0xBB,0x21,0xD9,0x17,
0x2E,0x32,0x80,0x63,0x15,0x51,0xF7,0xAA,0xC1,0x7C,0xFF,0xFB,0x1C,0x6E,0x25,0x1F,
0xC7,0x5F,0x7E,0xA3,0x02,0x10,0x6E,0x2B,0x11,0xFF,0x3B,0x3A,0xC5,0x77,0x8D,0xFE,
0xB7,0x35,0x6A,0x68,0x00,0x66,0x18,0xFC,0x45,0x76,0x7D,0x35,0x14,0xFD,0x97,0xB9,
0xE4,0x8F,0xC6,0x69,0x9D,0x88,0x94,0xEC,0x19,0x0D,0x34,0x29,0x5B,0xB8,0xC1,0x86,
0x00,0x44,0x21,0x1B,0x0B,0x81,0x98,0xB8,0x90,0x86,0x4C,0xA4,0xFF,0xF3,0x68,0xC4,
0xF8,0x33,0x94,0x02,0x64,0x02,0xDC,0xD1,0xAC,0x26,0xBB,0xF5,0x21,0x6B,0x4C,0xDA,
0x48,0x17,0x3A,0x12,0x1A,0x51,0x55,0xBB,0x43,0xF5,0x67,0xAA,0x51,0x5D,0xBD,0x69,
0xE4,0xA2,0xCE,0x77,0x2A,0xEA,0xE5,0x44,0x65,0x48,0xE8,0x9C,0x50,0xAC,0xF5,0x1E,
0xFE,0x7E,0xB9,0xAC,0x31,0xA6,0x63,0x21,0x52,0x15,0xFB,0x4D,0x8C,0xD4,0x57,0x1E,
0xFD,0xD6,0xE1,0x63,0x97,0x52,0x51,0x14,0xAA,0xFE,0xFB,0xBE,0xEF,0x78,0x0C,0xA9,
0xC3,0xAC,0xFB,0xB4,0x87,0x22,0x66,0x1D,0xA1,0x62,0x3F,0x75,0x2C,0x72,0x99,0x29,
0xC7,0x4D,0xAA,0xED,0xA9,0xEF,0x63,0xC3,0xCA,0xFB,0xA0,0x66,0x0A,0x88,0x58,0x6B,
0x57,0xD7,0x65,0xBE,0x32,0x02,0x81,0x53,0x7F,0xE0,0x7A,0xBB,0x74,0xDC,0x5C,0x12,
0x12,0x57,0x5F,0xB6,0xE3,0x86,0x27,0xF1,0xCF,0xD9,0xE2,0x69,0x1A,0x7D,0xE9,0x1D,
0xFD,0x9D,0x65,0x8F,0x12,0x55,0x1D,0xB7,0xF2,0x69,0x0D,0x02,0x11,0xB8,0x70,0x3E,
0x8B,0x9C,0x54,0xDA,0x3C,0x85,0x4C,0x62,0x00,0x00,0x1B,0x67,0xED,0xCD,0x43,0xB8,
0x46,0xE5,0x33,0xD1,0xA7,0xD6,0x47,0x02,0xBE,0xB3,0x6C,0x36,0xBD,0xBA,0x78,0x8B,
0x9F,0x61,0xF0,0x95,0xC1,0x65,0x10,0x27,0x16,0x28,0xB6,0x90,0xA7,0x50,0x7B,0x56,
0x41,0x0E,0xC1,0x8E,0xFF,0xF3,0x68,0xC4,0xF4,0x31,0x6B,0xFE,0x68,0xA6,0xDC,0xD1,
0xC9,0xB4,0x39,0x30,0x2A,0x72,0x31,0x32,0x3C,0x33,0x0D,0x72,0x8B,0x3E,0xE7,0x20,
0x6C,0xA0,0xD0,0x71,0xFB,0x4E,0x9C,0xAE,0x24,0xBA,0x99,0xB6,0x09,0xBC,0xB3,0xA4,
0x56,0x2E,0xD7,0xC7,0xFF,0xBB,0xFC,0x6E,0xEA,0x64,0x0C,0x95,0x7B,0xE5,0xB8,0xF3,
0xAF,0x8F,0xE4,0x7C,0x53,0x4F,0x29,0x00,0xC7,0x81,0x52,0x15,0x5D,0x1A,0x9D,0x49,
0x9C,0x33,0x1D,0xAA,0xA3,0xF2,0x2B,0x26,0x45,0x00,0x2E,0x2F,0x58,0xC6,0xCF,0x4E,
0x57,0x5A,0x7E,0xBF,0x65,0xB1,0xB0,0xF7,0xD5,0x50,0x63,0xE1,0x6F,0x64,0xFA,0x96,
0x86,0x95,0x49,0x5D,0x9B,0x9C,0x3F,0x11,0xCD,0xAF,0x8D,0xA5,0x03,0x35,0x53,0x53,
0x18,0xD1,0xB5,0x35,0xFC,0xEF,0xDD,0xF3,0x5F,0xF1,0x9E,0x3B,0x2C,0x4F,0xC2,0x5D,
0x7F,0x31,0x01,0xF9,0x45,0xD1,0x63,0x24,0x75,0x4C,0x42,0x1E,0x9C,0x0E,0xB1,0x63,
0x3D,0xF0,0x70,0x59,0x96,0x29,0x46,0x2A,0x39,0x24,0x01,0x29,0x31,0xA8,0xFF,0x39,
0x71,0xB8,0xDC,0x96,0x7E,0x50,0x90,0x94,0x96,0x5F,0xE6,0x96,0xB1,0xA5,0xD4,0x8E,
0x5B,0x49,0x1A,0x0E,0x94,0xCA,0x97,0xC9,0x20,0x51,0x00,0x6B,0xE6,0x42,0x18,0x60,
0xA0,0xA2,0x09,0x91,0x29,0x59,0x45,0x1B,0x1D,0xED,0x27,0x4A,0xFF,0xF3,0x68,0xC4,
0xF8,0x30,0xCC,0x16,0x68,0xB6,0xD4,0xD1,0xAC,0x81,0x02,0xC0,0x0B,0xE8,0x1C,0x2B,
0x3B,0x8D,0xCE,0x4C,0x65,0x9D,0x46,0x16,0x95,0x16,0xB5,0x2B,0x97,0x66,0x2A,0x0E,
0xCD,0xE5,0x69,0x7C,0x86,0x4C,0x7A,0x83,0x29,0x24,0xB6,0xCD,0xAE,0xDF,0xD6,0x79,
0xE2,0xA3,0xC8,0x4D,0x1A,0x16,0xA2,0xA8,0xFB,0xC9,0x28,0xFF,0x45,0xC1,0x90,0x2B,
0x26,0x5C,0x0C,0x86,0x00,0xF5,0x55,0xF4,0xD2,0x68,0xEC,0x1C,0x26,0x33,0x25,0x52,
0x54,0x71,0x26,0x68,0x02,0xC5,0x14,0xF3,0x54,0xD4,0x8C,0x42,0x23,0x63,0x37,0x49,
0x94,0x62,0xB3,0x57,0xA9,0x59,0x8B,0x51,0x44,0xE1,0x50,0x80,0x51,0xB2,0xE0,0xD1,
0x20,0x80,0x0E,0x74,0xBA,0x87,0xAF,0x64,0xCB,0xCF,0x45,0x64,0x70,0xD4,0x37,0x6F,
0x3C,0xB3,0xE6,0xB9,0x8A,0xDD,0x73,0xA8,0xB1,0x67,0xAD,0xE6,0x78,0x9E,0x6F,0xFF,
0x92,0xEB,0x54,0xFF,0xFF,0x95,0x2C,0x92,0x83,0x56,0xC8,0xCE,0xF1,0x10,0x31,0xA2,
0x2C,0xD9,0x10,0x4D,0xB4,0x7C,0xA1,0x35,0x31,0xF4,0x55,0x0C,0xED,0xFA,0x77,0xA9,
0xB9,0x54,0xCF,0x0B,0x8A,0xC8,0xCD,0x93,0x09,0xD9,0x58,0x77,0x96,0x7A,0x4D,0x2A,
0x4B,0xD4,0xE5,0x28,0x05,0x15,0x6B,0xB1,0x68,0x60,0x24,0xD3,0xEC,0x23,0x02,0x1A,
0xBC,0xC0,0x3B,0x13,0xFF,0xF3,0x68,0xC4,0xFF,0x35,0x4C,0x0A,0x5C,0xAE,0xDC,0xD1,
0xB1,0x3A,0x9D,0x0E,0xA3,0x70,0xBE,0xCE,0x61,0x90,0xB9,0x50,0xE0,0xA9,0xA4,0x18,
0x42,0x1E,0xA7,0xB1,0x94,0xB6,0x5B,0x2F,0xA7,0x82,0xC1,0x45,0x65,0x37,0x28,0x2C,
0xDE,0x04,0x10,0x40,0x9D,0x96,0x12,0x5D,0x09,0xEA,0x6A,0x97,0xEC,0x6F,0xF2,0xC3,
0x0C,0xFF,0x90,0x10,0x15,0x72,0x31,0xF3,0xDA,0x3C,0x09,0xDE,0x66,0x5F,0x11,0xD1,
0x71,0x70,0x82,0x41,0x53,0x22,0x48,0xA9,0x6A,0x67,0x5C,0x72,0x06,0x9A,0x08,0x2F,
0x67,0x59,0xE4,0x21,0x84,0x8A,0x8E,0xB5,0xBA,0x24,0x54,0xB4,0x6C,0xB5,0xD4,0xF4,
0x2D,0xEA,0x6B,0x3B,0x11,0x22,0x1A,0xB5,0x5E,0x90,0x67,0x20,0x04,0xE3,0x10,0xBC,
0x6C,0xD7,0xD5,0x99,0x51,0xC4,0x23,0x82,0xC5,0xCF,0xAA,0x31,0x21,0x3C,0xCF,0xCA,
0x31,0x86,0xBE,0xAF,0x99,0x1E,0xAF,0x6E,0x71,0xAD,0x41,0x5A,0x1B,0xF7,0x28,0x8C,
0x66,0xA5,0xFA,0x99,0x24,0x69,0x33,0x71,0x0A,0x26,0x4C,0x41,0x4D,0x45,0x33,0x2E,
0x31,0x30,0x30,0x55,0x55,0x55,0x20,0x26,0x80,0x48,0x4A,0x4E,0x61,0x3D,0x8B,0x4F,
0xC2,0x14,0xF1,0x43,0x50,0x64,0x51,0xD0,0x93,0x4B,0x61,0xB9,0x3C,0xB2,0xCC,0xB5,
0x54,0x67,0xE4,0x0F,0xDA,0x65,0x30,0x90,0x31,0xCD,0x25,0x0C,0xFF,0xF3,0x68,0xC4,
0xF4,0x30,0x83,0xFE,0x58,0x02,0xD4,0x8B,0xAF,0x4D,0xE8,0x10,0x4A,0x3F,0xE3,0xC1,
0x71,0xEF,0x99,0x90,0x4B,0xC0,0x95,0xA2,0xD3,0x94,0x8A,0xB9,0x59,0xC7,0x0D,0xD2,
0xDA,0xB1,0x4E,0xAA,0x12,0x8D,0xF6,0xBD,0x32,0xBB,0x75,0x94,0xB9,0x31,0xD4,0xD1,
0x1A,0x23,0xB0,0x0C,0x03,0x4B,0xA7,0xA2,0x1B,0xB2,0xE9,0x5E,0x09,0x68,0x9F,0xCF,
0xB2,0xCB,0xEC,0xCE,0x88,0xB3,0x4F,0x29,0xC7,0x48,0x30,0x4F,0xDF,0xDC,0xA0,0x47,
0x93,0xCE,0xDF,0x73,0x14,0x8C,0x85,0x14,0x77,0x1E,0x5D,0xCF,0x1D,0x63,0x4B,0x54,
0x95,0xFF,0xB2,0xB9,0xE2,0x2D,0xEB,0x50,0xBB,0x0D,0x50,0x55,0x45,0x16,0xFF,0xA5,
0xB9,0x60,0xB0,0x3A,0x30,0x96,0xE5,0x09,0xA1,0xA2,0x41,0xD2,0xCE,0xA9,0x1D,0x52,
0xC8,0x5C,0xDD,0xD1,0x10,0x7B,0x46,0xF4,0x2A,0x57,0x28,0x43,0x3D,0xBD,0x4C,0x71,
0xA8,0xE9,0x16,0xDD,0x59,0xEE,0xDA,0x1E,0xD1,0xE4,0xAB,0x31,0x57,0x15,0x2C,0xAA,
0x4C,0x41,0x4D,0x45,0x33,0x2E,0x31,0x30,0x30,0xAA,0x00,0x88,0x06,0x52,0xD5,0x9F,
0x80,0xE1,0xCD,0x59,0x87,0xA1,0xE6,0x8C,0xD2,0x1E,0x9A,0xAB,0xC9,0xD9,0xB9,0x7A,
0x34,0xDC,0x07,0x03,0xA0,0x4E,0x5E,0xEE,0xBA,0x64,0x20,0xDC,0x58,0xAA,0x2E,0x1A,
0x87,0x25,0xF5,0x13,0xFF,0xF3,0x68,0xC4,0xF1,0x2F,0x1B,0xFE,0x60,0xDE,0xCC,0x8F,
0x91,0xB8,0xAE,0x64,0x95,0x21,0xD9,0x3B,0x76,0x14,0x18,0x2C,0x7D,0x4A,0x57,0x84,
0x6A,0xA5,0x97,0xD3,0x8F,0xE4,0x3D,0xBA,0x74,0x06,0xCE,0x4F,0xF6,0xDC,0x75,0x19,
0xA9,0xE9,0x14,0x4C,0xB5,0x8F,0x2E,0x18,0x4B,0x39,0xDD,0x7F,0xEB,0x1F,0xCA,0x03,
0x02,0x85,0x49,0xAC,0xFB,0x2D,0x8C,0xF7,0x75,0x6A,0x47,0x33,0xE6,0x6E,0xC0,0xF0,
0x6B,0xFC,0xD6,0x1A,0xEE,0xB0,0xB4,0x49,0x14,0x0B,0xBF,0xC9,0x63,0x86,0xE1,0x73,
0x18,0x75,0xAE,0xA8,0xE2,0x41,0x6A,0x30,0x98,0xA0,0xCB,0xF5,0xFB,0xA9,0x02,0xF9,
0x05,0xFE,0x1F,0x44,0xE0,0xD1,0x8C,0xBE,0xA7,0xA9,0xDF,0x26,0xCD,0x46,0x49,0x43,
0x5A,0xE7,0xE9,0x9B,0x33,0xA4,0xAD,0x67,0x4A,0xE7,0x1F,0x56,0x63,0xA3,0x69,0xF1,
0xA5,0xA2,0x15,0x59,0x91,0xBB,0x15,0x94,0x45,0x2E,0x58,0xFA,0x50,0x84,0x78,0xAB,
0x20,0x4D,0xA5,0x74,0x67,0x38,0x81,0xBC,0x4C,0x41,0x4D,0x45,0x33,0x2E,0x31,0x30,
0x30,0xAA,0xAA,0xAA,0xAA,0xAA,0xAA,0xAA,0xAA,0xAA,0xAA,0xAA,0xAA,0xAA,0xAA,0xAA,
0xAA,0xAA,0xAA,0xAA,0xAA,0xAA,0xAA,0xAA,0xAA,0xAA,0x60,0x19,0x25,0x3D,0xCC,0xB3,
0x95,0xC3,0x96,0x23,0xD7,0xA6,0x5B,0xB4,0x5A,0x86,0xC4,0xF4,0xFF,0xF3,0x68,0xC4,
0xF5,0x30,0x44,0x06,0x58,0x46,0xD3,0x4B,0xCD,0xCC,0x56,0x83,0x25,0xB6,0xAA,0x2F,
0x9F,0xC8,0x9C,0x77,0x15,0xCC,0x8D,0x30,0x60,0x75,0x67,0xCC,0x6C,0x2D,0x69,0x6E,
0x17,0x9D,0xD7,0x00,0x40,0x09,0x4F,0xC3,0x80,0x48,0x35,0x77,0x44,0xF9,0xEC,0xE0,
0xD3,0x49,0x24,0x4C,0x11,0x20,0xB4,0x83,0xD0,0x0A,0x84,0xB5,0x4E,0x83,0xF4,0x9A,
0xC5,0x90,0x44,0x86,0x54,0xD5,0x22,0xF9,0x1A,0x7A,0xEB,0x13,0x71,0xA3,0x30,0x7F,
0x84,0xA4,0x62,0xEB,0xEE,0x91,0x70,0x8A,0x11,0x16,0xED,0xCA,0x8A,0x26,0xC7,0x59,
0x14,0x75,0xDE,0x3A,0x6F,0x53,0x27,0xFF,0xFA,0x2C,0x57,0xFA,0xCB,0xA2,0x71,0xAB,
0x7F,0xEC,0xAE,0x87,0x82,0x62,0xE5,0xD7,0x5D,0xA6,0xA2,0xB5,0x71,0x5F,0x96,0x2A,
0x3C,0x67,0xFE,0xF1,0x57,0xDD,0x7F,0x5C,0x0D,0x5B,0x85,0x13,0xEC,0xAD,0xFF,0xF6,
0x72,0x8A,0xF0,0xB3,0xC4,0x47,0xB4,0x3F,0x12,0x3B,0x84,0xBD,0x0A,0x5D,0xA6,0xAA,
0x0E,0x0E,0xC6,0xA4,0xA8,0x01,0x80,0xEB,0x45,0xA9,0x20,0xB6,0xE4,0xC4,0x52,0x61,
0xD9,0x2F,0xB2,0xC2,0x3F,0x32,0x94,0x27,0x98,0x02,0xAB,0xBA,0x00,0x8B,0x33,0xB7,
0xD0,0x3A,0x83,0x55,0x2A,0x03,0x07,0x8C,0x20,0x1A,0x7F,0x8D,0xAD,0xD8,0x66,0x0B,
0x85,0x83,0x81,0x21,0xFF,0xF3,0x68,0xC4,0xDD,0x2A,0x13,0xFE,0x64,0xB6,0xD4,0x11,
0x3D,0xD8,0xC7,0xAA,0x5A,0x05,0x51,0xC6,0x70,0x1B,0xE9,0x66,0xA4,0x2A,0xDC,0x15,
0x8C,0x6A,0x4C,0xD4,0x70,0x91,0x52,0xCC,0x3F,0xC5,0xE7,0x4E,0x3A,0x73,0x06,0x38,
0x04,0x36,0x55,0x4D,0x2B,0x99,0xB5,0x97,0xF7,0x2A,0x99,0xE5,0x42,0xB6,0x0C,0x03,
0xC5,0x02,0xBB,0x5B,0xD6,0x74,0x0B,0x63,0x59,0x21,0x3F,0x7A,0xF4,0x94,0x07,0x40,
0x90,0xE5,0xCE,0x6B,0x2A,0xD5,0xBE,0x5F,0x05,0xD3,0xF3,0x2F,0xCF,0x98,0x56,0xAF,
0x84,0x12,0xD3,0x21,0xCB,0x19,0xEF,0x25,0x0C,0x61,0xE6,0x69,0x5A,0x1A,0xF5,0x7A,
0xAB,0x52,0x99,0x32,0x41,0x6D,0xBA,0x40,0xF0,0x4A,0x31,0xD4,0x2F,0x55,0x2A,0xD4,
0xE6,0xEE,0xA0,0xA3,0x81,0x40,0xC0,0x61,0x74,0xB9,0x45,0x1C,0x48,0x78,0xEA,0xB3,
0xD4,0x69,0x43,0x44,0x89,0xA9,0xE8,0x2C,0x8E,0xEB,0xB7,0x51,0xCF,0x20,0xFA,0x39,
0x88,0xDA,0x30,0x8B,0x30,0x43,0xE9,0xBD,0xB7,0x68,0x93,0x51,0xD4,0x69,0x77,0x65,
0x0A,0x0F,0x7A,0x82,0x62,0xC2,0xF4,0xAD,0x0B,0xB9,0x21,0x84,0x42,0x19,0x52,0xC5,
0x6B,0x4F,0xD5,0x58,0x3A,0xEB,0x3B,0x18,0xAC,0x46,0x81,0xDE,0x60,0x03,0xAC,0x0D,
0x2B,0x28,0x53,0x50,0xA2,0xCA,0xA5,0x10,0x9C,0x74,0x12,0x58,0xFF,0xF3,0x68,0xC4,
0xFF,0x34,0xBB,0xFA,0x48,0x02,0xD3,0x4B,0xE5,0x1D,0xF3,0x67,0xAC,0xBD,0x0E,0xE4,
0x51,0x48,0xF9,0x04,0x96,0x33,0x28,0x99,0xA9,0x19,0xA4,0x95,0x37,0x64,0xFB,0x8C,
0x5E,0xA9,0x93,0x65,0x49,0x57,0x19,0xFD,0x14,0x6B,0x3A,0xB7,0x57,0x29,0x57,0x79,
0xCC,0xB5,0x96,0xB7,0xF1,0x03,0xB8,0x48,0x81,0xF6,0x63,0xEB,0xBA,0xBD,0xEB,0xD2,
0xE7,0x6A,0x15,0xBA,0x46,0x06,0x0F,0x4C,0xE7,0xE3,0xBF,0xFD,0x6E,0x58,0x68,0x49,
0x18,0x51,0xA9,0x1B,0x3B,0x93,0x88,0x22,0x66,0x6A,0x8B,0xE6,0x46,0x88,0xF3,0x87,
0xF6,0x5D,0x97,0xEC,0x9B,0x20,0x4D,0x43,0x5D,0xC3,0xF0,0x3B,0x0A,0x29,0xAB,0xED,
0x98,0x19,0x5D,0x3A,0x14,0x12,0x48,0x97,0xCF,0xAA,0xC2,0xB6,0x6B,0x6A,0x0F,0x11,
0x59,0x76,0x4B,0x8E,0x1D,0x53,0x7B,0x2B,0x35,0x85,0x44,0x8D,0x41,0xE4,0x2B,0x4E,
0x3C,0x85,0x0A,0xDD,0xAB,0xA9,0xE8,0x62,0xC7,0x4B,0x1A,0x2B,0x6B,0x2C,0xC1,0xF0,
0xA2,0x6A,0x4C,0x41,0x4D,0x45,0x33,0x2E,0x31,0x30,0x30,0xAA,0x0B,0x45,0x4D,0x4A,
0xAC,0xCA,0x1B,0xED,0x4C,0x45,0x39,0x1D,0x58,0x28,0xCB,0xF1,0xF6,0xA1,0xA8,0xEE,
0x0E,0x8A,0x0C,0xCF,0xBB,0xD2,0xB6,0x3C,0x82,0x24,0xD7,0x7E,0x9A,0x98,0xB4,0x9A,
0xA9,0x41,0x9B,0x9C,0xFF,0xF3,0x68,0xC4,0xF7,0x31,0x1B,0xFE,0x4C,0x24,0xC3,0x4F,
0xC9,0x6E,0x35,0x15,0x84,0x4B,0xCC,0x01,0x4A,0x05,0x42,0xD4,0x26,0x7B,0xAC,0xE9,
0x6C,0x63,0xCB,0xCA,0x15,0x2B,0xBD,0xA9,0xBA,0x14,0xD4,0x8A,0x54,0x48,0x41,0xE6,
0xD4,0xAF,0xDC,0xBB,0x8E,0xFF,0x9F,0xFA,0xA8,0xF5,0xA6,0x4C,0x3B,0x87,0x20,0x56,
0x2B,0x96,0x35,0x0C,0x41,0x6E,0x29,0x5C,0x0D,0xA0,0xB7,0x96,0xAD,0x4C,0xDB,0x20,
0x36,0xA0,0x8D,0x4A,0xD3,0xB9,0xD1,0x70,0x0D,0x45,0x23,0xF5,0xA2,0x5E,0x1A,0xCB,
0x19,0x4E,0x89,0x79,0x48,0xA3,0x4A,0xB7,0xA9,0xF3,0x23,0x42,0xF8,0xE6,0x41,0xEA,
0x45,0x41,0x30,0x04,0x75,0x13,0x87,0xDF,0x56,0x89,0xD2,0xF9,0xA3,0xF5,0x31,0x0C,
0xB8,0x87,0x52,0x74,0xCC,0x1E,0xBB,0xEE,0x4E,0x65,0xB3,0xD4,0xCE,0xA1,0xEB,0xAB,
0xD7,0x92,0xA2,0x91,0x00,0x0C,0x06,0xFD,0x10,0xAA,0x1C,0x67,0x57,0xFA,0x91,0xDA,
0x0C,0xB2,0xC8,0xFB,0xB8,0xE9,0x52,0xD5,0x9C,0xB2,0x39,0x0D,0xC8,0xDB,0x1C,0x2E,
0x8A,0x9D,0xBB,0x24,0xEA,0x43,0x23,0x24,0x12,0xD3,0x00,0x80,0x65,0x0F,0xFB,0x8E,
0x98,0x82,0x10,0xAD,0x5D,0xED,0x54,0x6B,0xA1,0x34,0xC0,0xD2,0xA5,0x8B,0x44,0x88,
0x3A,0x76,0xA1,0x9A,0x56,0x31,0x05,0x62,0x87,0x9A,0x8A,0x1D,0xFF,0xF3,0x68,0xC4,
0xF3,0x2F,0x8C,0x02,0x54,0x0E,0xC3,0x45,0xB1,0x12,0x18,0x6C,0x29,0x61,0x20,0x19,
0xBC,0x0D,0x39,0x00,0xCC,0x4E,0x4A,0xED,0xC5,0xDB,0x0A,0x4D,0xD4,0xA4,0x8A,0xCB,
0xDA,0x2B,0x26,0x6E,0x90,0xC8,0x04,0x52,0x44,0xBE,0x55,0x27,0xAC,0x76,0xB5,0x6E,
0x61,0x6A,0xED,0x37,0xC6,0x4C,0xB0,0x82,0x80,0x56,0x70,0x49,0xE5,0x60,0xB1,0x4F,
0x9A,0xB7,0xB0,0x5B,0x78,0x57,0xA4,0x56,0x28,0x56,0x18,0xE5,0x9E,0xB5,0x4F,0x60,
0xD4,0x78,0x9B,0x56,0x8A,0x09,0x3B,0xA3,0x24,0x13,0x11,0x87,0x56,0x88,0x76,0x5A,
0x6D,0x45,0x27,0xDD,0xEA,0x53,0x19,0x6B,0x3A,0x66,0xB1,0xE8,0xD5,0x3E,0x02,0xA8,
0x0C,0xE2,0xD5,0xB7,0xF5,0xB1,0xF4,0xD9,0x49,0x1B,0x03,0x92,0x2D,0x9C,0x84,0x50,
0x81,0x34,0xA4,0xE6,0xCB,0x1A,0x57,0x5B,0x21,0xE3,0xC7,0x23,0xEF,0xF2,0x07,0x98,
0x60,0xC1,0xCC,0x34,0x12,0x91,0xDE,0xEB,0x2E,0x6F,0x7D,0xFB,0x2A,0xF6,0x29,0xFD,
0xC3,0xDD,0x8A,0x2A,0x4C,0x41,0x4D,0x45,0xAA,0xAA,0x47,0xAA,0x5C,0x95,0x47,0xDA,
0xF4,0x3B,0x29,0x95,0x35,0x19,0xC6,0x6C,0xDE,0xC1,0x6C,0x4D,0x80,0x3F,0x8F,0x53,
0xEE,0xF5,0x05,0x89,0x67,0x72,0x88,0x04,0x20,0x41,0x08,0xA8,0xA4,0xFC,0xA4,0xE9,
0x38,0x06,0xFE,0x27,0xFF,0xF3,0x68,0xC4,0xFF,0x33,0x8B,0xE6,0x44,0x02,0xD3,0x4F,
0xC9,0xE8,0x6F,0xF3,0x92,0xD8,0xA9,0x5B,0x8B,0xA8,0x01,0x9C,0x5C,0x11,0xA0,0x81,
0xD3,0x43,0x5F,0x21,0xD5,0x99,0xCB,0xF3,0x54,0xEC,0xAA,0x97,0xB7,0x7B,0x11,0x02,
0x1C,0xBC,0x67,0x04,0x00,0x95,0x8F,0x57,0x74,0xD7,0x29,0xEB,0x65,0x87,0xDE,0xCA,
0xCE,0x33,0x41,0x53,0x1A,0x95,0xAA,0x57,0xDA,0x19,0xA9,0xCA,0x80,0x54,0x91,0x49,
0x6D,0x20,0xAC,0x8F,0x4C,0xF9,0xBF,0xBA,0xC0,0x4E,0x3C,0x9B,0xEF,0xBD,0x4F,0xCD,
0x0F,0x84,0x41,0xDD,0xE4,0x82,0xD7,0x1F,0xF7,0xD5,0x46,0x9F,0xEB,0xEB,0x9A,0x40,
0xBF,0xF5,0x43,0x80,0x70,0x07,0x69,0xFF,0xF9,0xF6,0xA6,0x4E,0xD0,0x80,0x9C,0xA6,
0xBF,0x18,0x3F,0x81,0x47,0xA7,0xBA,0xB8,0xCA,0x1C,0xF7,0xE3,0x5A,0x86,0x9C,0x87,
0x42,0x4F,0xFC,0x8A,0x0A,0x78,0xF0,0xF5,0xCA,0x78,0xE2,0x87,0x08,0x48,0x75,0x0D,
0x10,0x11,0xF4,0x34,0xBD,0xB0,0x66,0x7E,0x0F,0xC9,0x2C,0xCF,0x43,0xB5,0x9D,0xF9,
0x35,0x0B,0x52,0x8B,0x5A,0x44,0x62,0xC0,0x61,0x7D,0xD5,0x0B,0xE4,0xBA,0x53,0x40,
0x50,0x8D,0x00,0x90,0x02,0x3E,0xAB,0x18,0x50,0x34,0x30,0xE5,0x3D,0x41,0x22,0x86,
0x1E,0x46,0x14,0xA3,0x39,0x70,0xA4,0x07,0xA3,0xF5,0x52,0xCD,0xFF,0xF3,0x68,0xC4,
0xF5,0x30,0x33,0x9A,0x48,0x04,0xCB,0x11,0xA0,0xC4,0xE9,0x05,0xC5,0x40,0x70,0x11,
0x12,0x69,0x9E,0xCA,0x49,0x2E,0x10,0x6D,0x9B,0xD0,0x6B,0xC8,0xBB,0xE0,0x09,0x6C,
0xBE,0x2E,0xFE,0x05,0xC5,0x87,0xDA,0xE0,0xCC,0xE0,0x75,0xDF,0xAE,0xD3,0x67,0x57,
0x1B,0x18,0xEE,0x55,0xF3,0xF7,0xDD,0xD3,0x0C,0xF8,0x22,0x5D,0x1B,0x5A,0x6F,0xAC,
0x09,0x57,0x6D,0xE2,0x66,0xC0,0xBA,0xBA,0x38,0x01,0x75,0x9C,0xEB,0x9D,0xD5,0x2E,
0x3A,0xC1,0xBB,0xB7,0x4D,0xDA,0xB5,0xBF,0xEF,0x6F,0x63,0x06,0x6B,0xB0,0x95,0xE3,
0xBF,0xBD,0xB8,0x27,0x17,0x54,0x29,0x4E,0x7B,0x7F,0xE6,0xE3,0xAF,0x4A,0xCE,0x1B,
0x57,0xEC,0xCD,0x00,0x9A,0x1B,0xDD,0x7B,0x6E,0xAD,0x54,0xDB,0x5C,0xBC,0x6B,0x73,
0x2E,0xFD,0x87,0xF6,0xAF,0x56,0xC7,0x7C,0x5C,0x9D,0x62,0xFF,0x3E,0xE2,0xC4,0x27,
0x75,0xDD,0xFF,0x0C,0xA6,0x27,0x4F,0x49,0x77,0xD3,0xFB,0xAA,0x4C,0x43,0x98,0x79,
0x34,0x49,0x95,0x93,0x2E,0x30,0x40,0xBA,0x4C,0x41,0x42,0x71,0xB1,0x2A,0xAD,0x02,
0xC3,0x72,0x2A,0xF9,0x40,0x2C,0xA1,0xB7,0x69,0x4E,0x9A,0xC2,0x43,0xB2,0xF7,0xDE,
0x1A,0x18,0x0E,0x34,0x23,0x07,0x0A,0x91,0x2F,0x60,0x85,0xE4,0x96,0x66,0xA4,0x88,
0xCE,0x52,0x7F,0xE9,0xFF,0xF3,0x68,0xC4,0xFF,0x34,0xA3,0x92,0x3C,0x02,0xDE,0x57,
0x18,0xA4,0x94,0x0D,0xC9,0xD0,0x6E,0xAE,0xC8,0x16,0x43,0x62,0x56,0xC4,0x9A,0xAB,
0x03,0x4B,0xE0,0xFA,0xF4,0x97,0x32,0x91,0x24,0x8D,0x7A,0x69,0xDB,0xAF,0xB2,0x7D,
0xB2,0xF6,0xEC,0x04,0x90,0x7D,0x9A,0x95,0xBB,0x77,0x6E,0xFF,0xFD,0x8B,0x7F,0xBC,
0x22,0x09,0x52,0xEF,0xEA,0x56,0xBB,0x59,0x44,0xA7,0x77,0x1C,0xA7,0x96,0xA7,0x70,
0x51,0x62,0x24,0x67,0x97,0x35,0x9F,0xE7,0xAA,0x51,0x12,0x8E,0xA8,0xD9,0xA5,0x83,
0x92,0x83,0x90,0x84,0x1E,0x1F,0xD6,0x30,0x5B,0x36,0xA1,0x16,0x3B,0xA8,0xEF,0x9B,
0xEE,0xDA,0x8E,0x15,0xFF,0xF0,0x38,0x03,0x97,0x7C,0xD7,0xC7,0xD2,0x96,0xBE,0x98,
0xE1,0x43,0x3A,0xEE,0x04,0xF7,0x93,0xC2,0x2F,0x51,0x4E,0xB1,0xFC,0x51,0x62,0x42,
0x73,0x1B,0x6B,0x99,0xF8,0xAA,0x69,0x3E,0x4B,0x84,0x56,0xF2,0x1E,0x1C,0x69,0x2C,
0x1B,0x89,0x4B,0xEC,0xC4,0x42,0x8C,0x7D,0x4C,0x41,0x4D,0x45,0x33,0x2E,0x31,0x30,
0x30,0x42,0xAF,0x46,0xA7,0xA9,0x94,0xDB,0x2A,0x78,0xD3,0xF9,0x04,0x32,0x57,0x6E,
0x3E,0xD2,0xE3,0xD6,0xE1,0xD8,0x01,0x60,0x0A,0xA1,0x45,0x9A,0x4B,0xD7,0xB2,0xCA,
0x4C,0x74,0x64,0x74,0x20,0x63,0x28,0xE8,0x11,0x44,0x37,0xB2,0xFF,0xF3,0x68,0xC4,
0xF5,0x30,0x2B,0x9E,0x44,0x04,0xD6,0x11,0x30,0x80,0xB3,0xCA,0x49,0xD7,0xD5,0x82,
0x8A,0x25,0x7C,0x12,0x78,0xAD,0x56,0xAB,0xEA,0x57,0x4F,0x0F,0x46,0xEC,0x5C,0xB3,
0x2E,0xB1,0x4F,0x28,0x6E,0x48,0xE3,0x34,0xE8,0x19,0x40,0x65,0x14,0xBE,0xBD,0x9F,
0xB3,0x67,0x9A,0xC3,0x2B,0x19,0x5E,0x8D,0xBD,0x03,0xCB,0xB1,0x5D,0x47,0x1A,0x7F,
0x7F,0x70,0x63,0x7F,0xCD,0xCC,0x3E,0xE8,0xB3,0xF9,0xEB,0xF7,0xF8,0xF3,0x03,0x75,
0x0E,0xAC,0xFF,0xE7,0x1F,0x94,0x5C,0x0E,0x82,0x75,0x6F,0x73,0x04,0x0B,0xAF,0x4D,
0xB6,0xEF,0x8F,0xE7,0x6D,0x70,0xD2,0x8A,0x3F,0x55,0xF2,0xC3,0x60,0x69,0x7B,0xFA,
0x9F,0x75,0xF4,0xEA,0xBE,0x50,0x1D,0xE4,0xB4,0x1B,0xFF,0xE7,0xDD,0x5B,0xAB,0xFD,
0x5E,0x39,0xE3,0xB3,0x07,0x5C,0x77,0x55,0x0F,0x96,0xA9,0xCD,0x34,0xF3,0x8E,0x2C,
0xBB,0x6F,0xCF,0xB9,0x76,0x3D,0xFB,0xE7,0x5E,0x57,0xC7,0x73,0x91,0x28,0x63,0x6A,
0xAF,0x8B,0x2D,0x7B,0x97,0x2B,0x3E,0xB4,0xFD,0xB4,0x84,0xC3,0x84,0x95,0x80,0x32,
0x47,0xA5,0x09,0x0D,0xC1,0x61,0x5B,0xB3,0x2C,0x14,0x0D,0x03,0x32,0xBE,0x6D,0xB1,
0x72,0x08,0x06,0xCC,0xC4,0x05,0x00,0xC6,0x08,0x38,0x16,0x69,0x2C,0x43,0x86,0x81,
0xA9,0x62,0x3D,0xA6,0xFF,0xF3,0x68,0xC4,0xF6,0x30,0x5B,0x8E,0x44,0x04,0xD6,0x17,
0x15,0xFB,0x67,0x74,0x93,0x44,0xC6,0xCE,0x05,0x83,0xC1,0x29,0xC0,0x23,0xE3,0x95,
0xEE,0xE3,0x11,0x67,0x92,0x58,0xE2,0x8D,0x04,0x18,0xC7,0xEC,0xCC,0xC7,0x56,0xD2,
0xAB,0x34,0x0B,0xA5,0x98,0x1B,0x33,0x39,0x4E,0x37,0x61,0x8E,0x65,0xDB,0xB9,0xE3,
0xAB,0xE4,0x80,0x9A,0x6D,0x41,0x92,0xEA,0x91,0x14,0xFB,0xAB,0x47,0x75,0xE7,0x42,
0x29,0x67,0xFB,0x33,0x06,0x92,0xF9,0xF3,0x3A,0x9B,0xFE,0xDC,0x7F,0xCD,0xC6,0x46,
0xAC,0x67,0xEA,0x40,0xD0,0x50,0x5C,0x20,0xC0,0xEA,0x71,0xBD,0x33,0x6A,0x64,0xA3,
0x34,0xE9,0x9F,0xED,0xDF,0x33,0xB9,0x56,0x8F,0x8D,0xF8,0x97,0x87,0xFB,0x28,0xA3,
0xFD,0x73,0x0D,0xAB,0x6A,0x12,0xEC,0xC4,0xE0,0x7A,0x5C,0xEA,0xF7,0x74,0x95,0xB9,
0x43,0x19,0xB6,0xD5,0xEF,0x95,0x7E,0xAA,0xF9,0xA6,0x24,0xC9,0xE9,0xFF,0xC7,0x12,
0xE8,0x28,0x5E,0x54,0x12,0x84,0xAE,0x95,0x72,0xA4,0x14,0x6A,0xF6,0xE8,0x4A,0x17,
0x96,0xFB,0xF1,0x23,0x86,0x1F,0x47,0x9D,0xAF,0xC6,0xDB,0x0A,0x0F,0x13,0x03,0xA9,
0xC3,0xE0,0x87,0x44,0xCF,0x8B,0x37,0x27,0x25,0x5F,0x8F,0x08,0xB3,0x96,0xE4,0x87,
0xE2,0xA6,0xE0,0x11,0x87,0x14,0x46,0x1E,0x6D,0xA3,0xC2,0x19,0xFF,0xF3,0x68,0xC4,
0xFF,0x34,0xBB,0x6E,0x38,0x00,0xDE,0x57,0x30,0x90,0x16,0xD2,0x12,0x62,0x68,0x3B,
0x15,0x7F,0x97,0x29,0x99,0x30,0x08,0x31,0x04,0x81,0x0F,0x42,0xA3,0x3A,0xBB,0x4D,
0x11,0x9E,0xA8,0x9E,0x89,0xA7,0x31,0x0E,0xBC,0x59,0x44,0xD0,0xDD,0x1A,0xDD,0x73,
0x44,0x41,0xA8,0x5A,0xE6,0x34,0xD0,0x5D,0x26,0x7D,0xA7,0xDE,0x5A,0xB1,0x59,0xA4,
0x1E,0x56,0xB1,0x3C,0x26,0x25,0x03,0xC3,0xC9,0x73,0xAA,0xE6,0xA7,0x9C,0x27,0xB9,
0xA6,0x58,0x41,0x4D,0x9F,0x9F,0xBA,0xF8,0xEF,0x07,0xF6,0x55,0x52,0xB7,0xF7,0xF2,
0xEE,0x39,0x46,0xEA,0x69,0xD2,0x90,0xD3,0x7E,0x7E,0x58,0x94,0x72,0xC2,0x4B,0xD7,
0xFF,0xFF,0xE3,0xB4,0x29,0x63,0xB7,0x95,0x24,0x19,0x7B,0x5E,0xBF,0x9F,0xB3,0xD3,
0xA5,0x90,0x15,0x09,0x69,0xBD,0x9E,0x26,0x44,0x07,0xB2,0xFB,0xAE,0x46,0xDF,0xFA,
0x45,0xB8,0xAD,0xA6,0xDD,0x7F,0xC5,0xF6,0x51,0xF6,0x96,0x77,0xF3,0x73,0x3A,0x1B,
0xED,0x6A,0x2C,0xAA,0x79,0x4C,0x41,0x4D,0x45,0x33,0x2E,0x31,0x30,0x30,0x55,0x55,
0x55,0x55,0x55,0x08,0x52,0x51,0xE5,0xDA,0x94,0x8F,0x26,0x18,0x5E,0xA2,0x94,0x2F,
0x68,0x3D,0xBD,0x88,0x43,0xF8,0x44,0x66,0x19,0x9A,0x87,0x2E,0x89,0xB9,0x1A,0x8A,
0x16,0xA4,0x8A,0x85,0xFF,0xF3,0x68,0xC4,0xF7,0x31,0xF3,0x9E,0x38,0x00,0xDE,0x51,
0x18,0xAA,0x92,0xA4,0x58,0x85,0x2D,0x42,0x26,0xA2,0xDC,0x1A,0xC4,0x0F,0x2B,0xA8,
0x00,0x19,0xCE,0x19,0x02,0xEC,0x4A,0xCC,0xD6,0x78,0x40,0xFB,0xD3,0x1A,0x60,0x50,
0xAC,0xB1,0xD3,0xC6,0x9D,0xCF,0xB4,0xCB,0xC2,0x85,0xF2,0x7A,0x5D,0x59,0xD7,0xEF,
0x59,0x73,0x3C,0xB1,0x8B,0x06,0x0C,0x90,0x78,0xF6,0x1A,0x6D,0x2F,0xEB,0xB5,0xDD,
0xEB,0x39,0x57,0x74,0x5A,0x9F,0x75,0xFC,0xFF,0xE6,0xEC,0x93,0x07,0x25,0x9B,0xF2,
0x47,0x38,0x3E,0x17,0x33,0x1A,0xEE,0x36,0x6C,0xA5,0x8D,0x7F,0xF7,0x63,0x23,0xC3,
0xC9,0x45,0x53,0xD8,0x2E,0x58,0x6E,0x45,0xD8,0xCA,0xD2,0x63,0xEB,0x08,0x20,0x18,
0x02,0x06,0x15,0xD9,0x8A,0x5B,0xD9,0xB5,0xBA,0x3B,0x50,0xA6,0x67,0x70,0x82,0x0C,
0x6B,0xAD,0x24,0x47,0x3C,0x2C,0x48,0x2C,0x54,0x20,0x2E,0x89,0xC6,0x91,0x47,0xB9,
0xFF,0xCF,0xCC,0xEF,0xFC,0x5A,0xD4,0xAA,0x4C,0x41,0x4D,0x45,0x33,0x2E,0x31,0x30,
0x30,0x00,0x9A,0x51,0xF2,0x92,0x96,0x18,0x67,0x33,0x51,0x5B,0x10,0x3C,0x3E,0x9C,
0x8C,0x45,0xFD,0x75,0x62,0x4F,0x17,0xD4,0x6B,0x22,0xBE,0x43,0x59,0x43,0x4E,0x6E,
0x2E,0x6A,0xB6,0xAD,0x97,0x89,0xAC,0x85,0xFE,0x0F,0x62,0x7D,0xFF,0xF3,0x68,0xC4,
0xEC,0x2D,0xCB,0xFE,0x48,0x2E,0xC9,0xCB,0xC8,0xC1,0x4E,0x42,0x9D,0x32,0x46,0x44,
0x0D,0xF3,0xDC,0xD8,0x11,0x41,0xF5,0x78,0xE0,0xCA,0x79,0x73,0x6D,0x14,0xEB,0x46,
0x50,0x8A,0x69,0x8A,0x0D,0x44,0x55,0x91,0x38,0x65,0xC2,0x03,0x92,0x02,0x31,0xBA,
0xFC,0xC7,0xBA,0xD6,0xEE,0x92,0x00,0xD2,0x0A,0x20,0x33,0xAB,0x10,0x71,0x1B,0x53,
0x49,0x12,0x09,0x42,0x74,0x61,0x05,0x22,0x3F,0x5D,0x4B,0x32,0x3E,0x7A,0x3F,0xF8,
0x7A,0xD9,0x21,0x19,0xAE,0xB2,0x91,0x40,0xFC,0x6A,0xC4,0x9B,0xF5,0x3C,0x71,0x54,
0xEE,0x1F,0x2C,0x35,0x6D,0xF3,0x54,0x41,0x8F,0x04,0x02,0xEE,0xAD,0xFF,0x71,0xBF,
0x97,0xDB,0x90,0x1F,0x4B,0x49,0xA7,0x2D,0x9D,0x9E,0xF5,0xBF,0x75,0x7D,0xA1,0x6F,
0xEB,0xA7,0xDB,0x08,0x62,0xD8,0xBB,0x75,0x55,0x74,0xAB,0xEE,0x5A,0x6A,0x8B,0x60,
0xCD,0xBC,0xB1,0x28,0x8A,0x40,0x28,0xC3,0xDD,0x25,0x81,0x51,0x0C,0xC3,0xCD,0x0E,
0x4C,0x41,0x4D,0x45,0xAA,0xAA,0xAA,0xAE,0x77,0x7E,0x27,0x1A,0x60,0x5D,0x9F,0xA5,
0x7B,0x14,0x75,0x22,0xDF,0xA6,0x9C,0xE5,0x3B,0xD1,0x36,0x5D,0x36,0xE5,0x08,0xF4,
0x9C,0x2F,0x4B,0xB6,0x20,0x18,0x10,0xE4,0x5F,0x7E,0xD2,0x29,0x43,0x8D,0x9B,0x38,
0x2D,0x1A,0xDE,0xF7,0xFF,0xF3,0x68,0xC4,0xF6,0x30,0x83,0x9A,0x44,0x46,0xC3,0x57,
0x84,0x49,0xE7,0x81,0x9A,0x71,0x96,0x64,0xF3,0x5B,0x60,0x11,0xBF,0x70,0xE5,0x8C,
0x25,0x79,0xFD,0x65,0x90,0xDB,0x65,0x8D,0xAA,0x58,0x08,0xD0,0x55,0xF9,0x90,0x58,
0xE3,0x69,0x6A,0xDB,0xD4,0xA2,0x9B,0xF1,0xC3,0x0E,0xF2,0xAE,0x09,0x92,0x5F,0x21,
0x61,0xF2,0x34,0x9D,0xAC,0xE3,0xEE,0xF0,0x28,0x41,0x52,0x8C,0xE8,0x76,0x02,0x80,
0x97,0xA9,0x13,0x29,0x04,0xD5,0x3B,0xA1,0xDD,0x48,0x9D,0x1D,0x4A,0x26,0xAA,0x52,
0x46,0x45,0x24,0x96,0xBB,0x1D,0xA6,0x9D,0x7A,0xAC,0xB4,0x94,0xB3,0xA4,0xE1,0x82,
0x52,0x94,0xEB,0x40,0x76,0x81,0xE2,0x8D,0xB6,0x65,0xA1,0x9C,0x50,0xF8,0xA4,0xD0,
0x83,0x82,0xA2,0x11,0x7D,0x17,0x05,0xDC,0x66,0x23,0x1D,0x6F,0x8F,0x10,0x16,0x66,
0x31,0x02,0xDC,0xB2,0x57,0xFB,0xFF,0x8B,0x7D,0x8B,0x69,0x24,0x3C,0xD8,0x4C,0x98,
0x76,0xCD,0x4E,0xC5,0x15,0x79,0xE6,0xAE,0x0D,0x0D,0x19,0x9E,0x96,0xC8,0x9D,0x38,
0xCB,0x8B,0x20,0x57,0x0C,0xC5,0x59,0x1B,0xBC,0x41,0x75,0x27,0xA9,0x7B,0x91,0x59,
0xD0,0x19,0x12,0x38,0x61,0x86,0xCD,0xC3,0x4E,0x1A,0xB7,0x98,0xE2,0x0B,0xA5,0xC7,
0x2C,0x0F,0x14,0xC8,0x68,0x8A,0x5A,0x61,0xD1,0xE8,0x16,0x32,0xFF,0xF3,0x68,0xC4,
0xF8,0x30,0xF3,0x6E,0x3C,0x04,0xC3,0x51,0xAC,0x97,0xA6,0x9A,0x51,0x7D,0x8A,0x8B,
0x41,0xA5,0x4F,0x41,0xF1,0xE7,0x62,0x9A,0x1B,0x8E,0xC7,0x12,0x98,0xC3,0x15,0xD7,
0x88,0xC0,0x92,0xE6,0x54,0x66,0x80,0xD0,0x5E,0x03,0x77,0x20,0x13,0x33,0x35,0x1F,
0x68,0x06,0x35,0x66,0xC5,0xCC,0x3B,0x43,0x5A,0x69,0x3F,0xC2,0x24,0x1E,0xEA,0x62,
0x36,0xAD,0xE4,0x4A,0x55,0xC2,0x5C,0xF8,0xC1,0x58,0x5A,0xB0,0xCB,0xC8,0x91,0x90,
0x77,0x9F,0xCD,0x7E,0x71,0x51,0xC3,0x03,0x3B,0xF5,0xD4,0x8B,0xD8,0x03,0x03,0xC2,
0x94,0xEF,0x42,0x18,0x7A,0x7D,0x5E,0x3A,0xC7,0xDE,0xBE,0x8B,0xD4,0xFB,0x87,0x00,
0xA5,0xC6,0x7A,0x8D,0x11,0x00,0x60,0x54,0xF0,0xBA,0x16,0xE8,0x84,0x16,0x84,0x90,
0x50,0x82,0x26,0xAC,0x82,0x02,0x30,0xE5,0x2B,0xA8,0x1E,0xE5,0x93,0x55,0xD5,0xCF,
0x8C,0x4E,0xFA,0x85,0xA0,0x94,0xEB,0xA8,0xBA,0x88,0x89,0xE6,0x64,0xC5,0x0A,0xA9,
0x62,0x05,0x45,0xC4,0xCC,0x71,0x03,0x75,0xD5,0xEB,0x9E,0x69,0x0A,0x87,0x73,0x4F,
0x41,0xF3,0x40,0x9A,0xBE,0xCC,0xA2,0x5E,0xF7,0x5B,0xA9,0x47,0x0C,0x48,0x62,0x8E,
0x2B,0xB3,0x00,0xC7,0x1E,0xC9,0x7C,0x3C,0x92,0xB3,0xEB,0x4A,0x3F,0x08,0x53,0x32,
0xEB,0x16,0x07,0x7D,0xFF,0xF3,0x68,0xC4,0xFF,0x37,0x83,0xD6,0x30,0x24,0xD6,0x51,
0x31,0x19,0xCA,0x97,0x19,0xA9,0x1E,0x83,0xC0,0xEB,0xAD,0xAD,0x33,0x67,0x92,0x1A,
0x15,0x58,0x22,0x88,0xE9,0x34,0x32,0x9B,0x36,0x25,0x73,0xF7,0x6B,0xEA,0x34,0xD6,
0x1F,0xFC,0xA2,0xF5,0x65,0x28,0x4D,0x73,0xE8,0x44,0x0E,0x86,0x09,0x4F,0x8F,0x2B,
0x4E,0x54,0xE7,0x3F,0x3C,0xB2,0xDC,0xC0,0x11,0x42,0x26,0xA8,0xA9,0x6C,0x36,0xD3,
0xD8,0xDD,0x28,0x15,0x88,0x95,0x00,0x08,0x02,0x27,0x72,0x97,0x31,0x8A,0x0B,0x04,
0x04,0x73,0xFF,0x26,0x33,0x81,0x30,0xBD,0x4F,0x70,0x54,0x3D,0x3D,0x4D,0xBB,0xEF,
0xF2,0xF5,0xFD,0xCC,0x2C,0xD7,0xDE,0x82,0xA3,0x46,0xFD,0xFF,0x3C,0xA4,0x9A,0x3F,
0x5C,0x22,0x70,0xF0,0x74,0xF4,0xC2,0x35,0x22,0x4F,0x11,0x2D,0x73,0xB1,0x5D,0x54,
0x0E,0x83,0x00,0x5D,0x0B,0x52,0x6B,0xA8,0x31,0x64,0x47,0x0A,0xC9,0x94,0x8A,0x43,
0x25,0x53,0xFB,0xDB,0xAE,0xD4,0x3B,0x8D,0x9E,0x3E,0xE5,0x70,0x12,0x68,0xB3,0xEC,
0x9F,0xC8,0x01,0xFC,0x2D,0xDA,0xE1,0x51,0xB5,0xAB,0x11,0x51,0x75,0xE2,0xCB,0x13,
0xB4,0x70,0x9A,0xC7,0x1E,0x33,0x0F,0xB4,0x75,0x8A,0x8E,0x47,0xD4,0x52,0xAB,0xA6,
0x90,0x73,0x52,0x52,0xE7,0x8C,0xCA,0x03,0xDC,0xA7,0x06,0x10,0xFF,0xF3,0x68,0xC4,
0xEC,0x2E,0x34,0x06,0x3C,0x04,0xCA,0x05,0xB1,0xED,0x30,0xB3,0x32,0x90,0x6C,0xA8,
0xE0,0xA2,0x2F,0x90,0xF3,0x4E,0xAA,0xFB,0x52,0xC1,0x52,0x8A,0xB3,0x2F,0x06,0x2E,
0x94,0xE3,0x8E,0xC2,0x44,0x6A,0x91,0x19,0x59,0x8C,0x71,0xE3,0x54,0x15,0xF8,0x8B,
0xBF,0xF4,0xDC,0xFE,0xDA,0xAB,0xD9,0xAB,0x37,0xD8,0x41,0x91,0x04,0x44,0xAA,0xEC,
0xCA,0x8D,0xAE,0xFE,0xDD,0x96,0xC8,0x19,0x7C,0x22,0x93,0xAA,0x64,0xB1,0xAF,0xFF,
0xEE,0xFF,0x3E,0x79,0xBA,0x12,0x09,0xE3,0x9D,0x7B,0xBB,0x3E,0xAE,0x3C,0x58,0x14,
0x13,0x15,0xC3,0xF3,0x10,0x48,0xFA,0xA5,0x23,0x8B,0x8A,0xFE,0x38,0x96,0x39,0x84,
0xF7,0xFD,0x68,0x26,0x55,0x33,0x71,0xF3,0xD3,0xA5,0x89,0xB1,0x7A,0x43,0x0C,0xCD,
0xCB,0xC8,0x57,0xCC,0xBC,0x40,0x42,0x70,0x8F,0x56,0x7F,0xAB,0x73,0xDF,0x4F,0x95,
0x2A,0xD5,0x5E,0xB8,0xE6,0x1B,0xD5,0xDC,0xD4,0x12,0x54,0xB3,0xF4,0x69,0x1C,0x44,
0x73,0x48,0x2F,0xB6,0x77,0x7D,0xC4,0x36,0xF9,0xF8,0x77,0xEA,0xC9,0xF8,0x6A,0x8E,
0x57,0x6C,0x3C,0x2A,0x0A,0xFA,0x3F,0xF2,0xE7,0x99,0x2F,0x76,0x5D,0x38,0x6D,0xCB,
0x84,0x29,0xCB,0x4B,0x75,0x04,0x26,0xA7,0x58,0x69,0x8A,0xF5,0x6D,0x3E,0x72,0x93,
0x51,0x26,0x12,0x48,0xFF,0xF3,0x68,0xC4,0xFE,0x36,0x33,0xFA,0x2C,0x02,0xD3,0x17,
0xC1,0x21,0xE4,0x29,0x8C,0x69,0xFA,0x92,0x2B,0x2B,0xB2,0xEF,0xB7,0x12,0xEC,0xC1,
0x20,0xA8,0x44,0xD0,0x19,0xA8,0x9F,0x47,0x72,0x3B,0x13,0x88,0x71,0xE7,0x8F,0xCA,
0x6B,0xC6,0xA2,0x54,0x30,0x37,0xB2,0x91,0xC0,0xD2,0xCD,0x4C,0x01,0x34,0x25,0x1B,
0x9B,0x16,0x8C,0x6B,0x2D,0xF3,0x1C,0xA9,0xF3,0xD6,0x12,0x20,0xC4,0x98,0x73,0xD9,
0x43,0x1B,0xA2,0xCE,0xA5,0x86,0xAA,0xC4,0x9C,0xDC,0x70,0x64,0x03,0x43,0x4F,0xE5,
0xAE,0xE7,0xFA,0xCE,0x99,0x82,0x73,0xD7,0xEE,0x6E,0x81,0xAB,0x4C,0x07,0xD1,0x22,
0xF2,0x7A,0xE8,0x55,0x63,0x6D,0x97,0xAF,0xFF,0xDA,0x6E,0x4C,0xA1,0xCF,0x17,0xA9,
0x45,0x98,0x73,0xB5,0xD4,0xD7,0xF3,0x23,0x46,0x56,0xE2,0x50,0xF0,0x80,0xC8,0xED,
0xB9,0x9C,0xCA,0xF8,0x9F,0xF7,0x99,0xE7,0xD3,0xCD,0x3A,0x77,0x80,0xD6,0x18,0x08,
0x04,0x92,0xA7,0xBC,0x41,0x92,0x42,0x63,0x28,0x53,0x2B,0x6B,0x6A,0x85,0x75,0x2D,
0x94,0xD7,0x5D,0x92,0xA8,0x22,0x12,0xF6,0xA7,0x62,0x98,0xD6,0x8A,0xB4,0xD4,0x5B,
0x61,0x92,0x36,0x18,0x30,0x39,0x00,0x44,0xE8,0x43,0xB5,0x44,0x60,0x43,0x64,0x04,
0xAB,0xD1,0xC2,0x89,0x93,0x1D,0xE4,0x05,0x42,0x82,0xA8,0x12,0xFF,0xF3,0x68,0xC4,
0xF0,0x30,0x13,0x26,0x30,0x02,0xCA,0xD1,0xC0,0xDF,0x64,0xC8,0x00,0x5A,0xC8,0x08,
0x0E,0x50,0xC2,0x98,0x49,0x96,0xB9,0x1B,0xB7,0x4B,0x5A,0x30,0xFF,0x57,0x49,0x77,
0x6E,0x27,0x31,0x1B,0x97,0xC8,0x94,0xB6,0x32,0xC2,0x15,0xB9,0x39,0x60,0x36,0xBD,
0x35,0x52,0x55,0xF8,0x55,0xE6,0xA9,0x66,0x37,0x36,0x61,0x40,0xAF,0x29,0x37,0x15,
0x5A,0x75,0xB2,0xA6,0x25,0x86,0xE5,0x0E,0xA2,0xD0,0x86,0x93,0x4F,0xCF,0xAF,0x30,
0x8D,0x23,0x79,0x7B,0x66,0xE7,0x3F,0xAB,0x40,0xC2,0x16,0xEE,0xE9,0xDA,0xA5,0x94,
0xFA,0xDA,0x28,0x3A,0x99,0x3D,0x30,0x67,0x45,0xBF,0xBD,0x4F,0x5C,0x7C,0x90,0x73,
0x46,0x9F,0x13,0x1D,0x43,0x2A,0x73,0x21,0x60,0x13,0x0F,0x85,0x2A,0x6A,0xE1,0x85,
0xDD,0xE9,0x22,0x26,0x94,0x72,0xCF,0x3C,0x4D,0xCB,0xBF,0x1F,0xDF,0xF0,0xDE,0xE7,
0xB2,0x40,0xE3,0x7A,0x5F,0x1D,0xD0,0xF5,0xDD,0x1A,0xFC,0x6B,0x00,0x20,0xB8,0xAB,
0x17,0x95,0x69,0xA5,0x70,0xC5,0xA7,0x76,0x31,0x02,0xC1,0x12,0xE5,0x1E,0x56,0x14,
0x7D,0x26,0x08,0x05,0x04,0xFB,0x20,0x6E,0x0D,0x78,0x10,0x08,0x28,0x90,0x0C,0x55,
0xAF,0x69,0x9B,0x92,0x89,0x26,0x6C,0xC9,0xD0,0xAC,0xD1,0x0B,0x15,0xF6,0x06,0xDA,
0x09,0x1C,0x14,0x02,0xFF,0xF3,0x68,0xC4,0xFA,0x31,0xBB,0x9E,0x30,0x04,0xCB,0x11,
0xA8,0xCE,0xD2,0x29,0x53,0xB5,0x93,0x12,0x38,0x9A,0xE8,0x35,0x20,0xA8,0xBA,0x48,
0xD4,0x96,0x2A,0xFB,0x3E,0x92,0xC8,0x9B,0x41,0x28,0x03,0x2E,0xCE,0x29,0x1F,0x77,
0x04,0x21,0x8B,0xE1,0x1D,0x06,0xB2,0x57,0x4D,0xD2,0x8E,0x5F,0x0F,0xC3,0xF7,0xB2,
0xFB,0xF8,0x76,0xC4,0xBD,0xA2,0x08,0x0A,0x06,0x58,0xA6,0x82,0x94,0x69,0x4B,0x28,
0xAC,0xDD,0x4C,0xB9,0xFB,0xE9,0x3C,0x10,0x4D,0x7B,0x5E,0xB7,0x92,0x3A,0x9A,0xEE,
0x11,0xF5,0xE9,0xFF,0xAB,0x55,0x58,0xCA,0x85,0x6C,0xF4,0xCF,0x68,0x7E,0x10,0x2F,
0x6B,0xAF,0xEB,0x73,0xBA,0xE6,0x2B,0xD8,0x4B,0x48,0xD1,0xD1,0x6C,0xE8,0xF2,0x94,
0x6E,0x7D,0x9F,0x36,0xA9,0xE8,0x50,0xF2,0xD1,0x26,0xAE,0x0D,0x47,0x5A,0x86,0xB3,
0x16,0xA1,0xD9,0x2A,0x56,0x6D,0xD3,0xC5,0xCF,0x55,0x35,0xA1,0x4C,0x69,0x31,0x0F,
0x56,0xEF,0x7E,0xCD,0xAC,0x46,0x47,0xE9,0xCD,0xD8,0x6A,0x3D,0x9A,0xEA,0x02,0x74,
0xD4,0x6F,0xF5,0x6F,0xF0,0x5E,0x51,0x2E,0x95,0xBF,0x24,0x69,0x4F,0x42,0xC7,0x87,
0x9B,0x3B,0x76,0x51,0xA5,0xE6,0x10,0x90,0xE0,0x25,0xC7,0x4C,0x80,0xB8,0x09,0xCC,
0xAF,0xDA,0xF0,0x24,0x23,0x2E,0xA8,0x1E,0x06,0x46,0xE7,0x20,0xFF,0xF3,0x68,0xC4,
0xFE,0x36,0x93,0x7A,0x2C,0x04,0xD3,0xD7,0xA5,0x03,0x09,0x8B,0x24,0xA4,0xAA,0x10,
0x46,0x30,0xDF,0x51,0x1E,0xD4,0x0A,0x36,0x4C,0x0D,0xE9,0x5E,0xCA,0xA8,0x96,0xA6,
0x1A,0x88,0xD1,0xD3,0x12,0x04,0x9B,0x73,0xFD,0x62,0xF4,0x53,0xB2,0x1B,0x36,0xF0,
0x05,0x47,0x60,0xF2,0xD8,0xDC,0x61,0x7C,0x99,0x42,0xAF,0xCA,0x12,0xC0,0x89,0x8F,
0x98,0x55,0x5F,0x1C,0x8E,0x43,0x32,0xFB,0xD3,0xD5,0x72,0xE5,0x88,0x85,0xC4,0xA8,
0x00,0x93,0x36,0x01,0xDE,0x2C,0x17,0x3A,0xFC,0x88,0x4A,0xA0,0xD6,0xC7,0x1F,0x8A,
0xFC,0x4C,0x94,0x0B,0x49,0x96,0x67,0xAA,0xB9,0xEF,0x54,0xB5,0xC6,0x06,0xDE,0xA7,
0xEE,0x0E,0xC7,0x06,0x41,0xE0,0xE2,0xB4,0x41,0x85,0x5C,0x4C,0x37,0x57,0x0F,0x5F,
0x55,0x69,0xD1,0xE4,0xB8,0xEA,0x94,0xAB,0x82,0x85,0xD0,0xA1,0xD3,0x57,0xF0,0xD0,
0x53,0x44,0x48,0xD9,0xB0,0x94,0x57,0x16,0x88,0x19,0xDC,0x45,0x6A,0x36,0x2B,0x41,
0xBC,0xEE,0xD7,0x33,0x20,0x2F,0x17,0x3B,0x54,0x7E,0xAF,0x74,0x21,0x08,0xB2,0xA3,
0xC4,0x1B,0xFA,0xF4,0x7A,0x0F,0x9E,0xD9,0x36,0x17,0x56,0x79,0xA0,0x22,0xE6,0x15,
0x4C,0x41,0x4D,0x45,0x33,0x2E,0x31,0x30,0x30,0x0C,0xA3,0xFF,0x62,0xA3,0xFD,0x2A,
0x99,0xCA,0xAC,0x10,0xFF,0xF3,0x68,0xC4,0xEE,0x36,0x53,0x9E,0x24,0x00,0xCE,0x90,
0xF8,0x8F,0x90,0xF2,0xFE,0x74,0xD9,0xFC,0x7E,0x7A,0x79,0x90,0x2C,0x34,0xBF,0x4F,
0x13,0xAA,0xB0,0x82,0xEC,0xB9,0xAD,0x6D,0x5D,0x98,0xAB,0xA4,0x23,0xFA,0xDB,0x3B,
0xB0,0x4D,0x2C,0x61,0xF2,0x7E,0xD0,0x9A,0x94,0x50,0xCC,0xC4,0xB6,0xAC,0xD5,0x3F,
0x36,0xD8,0x1E,0x49,0x15,0xEB,0xD5,0x6B,0x90,0x83,0x4D,0x7C,0x12,0x81,0x79,0x9E,
0xEA,0x96,0x73,0x96,0xE3,0xBC,0x35,0xFC,0xED,0x03,0xB4,0x0E,0x3D,0xC2,0xC3,0x19,
0xA7,0xF2,0x72,0xC4,0xD9,0x06,0x25,0x3B,0xC9,0x20,0x74,0x9D,0xFF,0xBA,0x63,0x87,
0xC3,0x66,0x43,0xFF,0xF3,0xCC,0x60,0xD0,0x45,0xAA,0x64,0x8B,0x06,0x89,0xE4,0xF4,
0xAF,0xCB,0x73,0xE1,0x05,0x6B,0x6F,0xF6,0x06,0x0E,0x2A,0x58,0x5D,0xCB,0x43,0x77,
0x3E,0xD2,0x31,0x6F,0x5A,0x50,0x64,0x0E,0x2E,0xE2,0xE6,0x2F,0x3D,0xFB,0xA7,0xD3,
0x4A,0x5B,0x5B,0xDA,0xFD,0x1F,0x6E,0xB5,0x4C,0x41,0x4D,0x45,0x10,0xFF,0xBC,0xF7,
0x33,0x93,0xFF,0x28,0x9C,0xB5,0x1C,0x5B,0x0F,0xAC,0xB2,0x65,0xBA,0xB0,0x48,0x0E,
0xE3,0xB3,0x17,0x70,0xA1,0x88,0xA4,0x25,0x73,0xA1,0xE0,0x38,0x37,0x55,0x2F,0x41,
0x46,0x03,0x27,0x05,0x92,0x82,0x4C,0x19,0xAC,0x03,0x04,0x43,0xFF,0xF3,0x68,0xC4,
0xD6,0x28,0x62,0xB6,0x38,0x0C,0xCA,0xC7,0xA4,0x46,0x69,0xCE,0xFA,0xF2,0x03,0x51,
0x66,0x2B,0x43,0xE9,0xE1,0x36,0x4C,0x88,0x3C,0xE1,0x4D,0x15,0xF3,0x80,0x31,0xD9,
0x93,0xE1,0x26,0x1A,0x2F,0x26,0x8E,0xC6,0xF2,0xDA,0xDC,0x48,0x9A,0xD6,0x84,0xEC,
0x5A,0x60,0xAA,0x20,0x90,0x38,0x77,0xB3,0xD4,0xE9,0xC1,0x5C,0x69,0xF9,0xBB,0x3F,
0xC6,0xB5,0xF7,0xBA,0x26,0x9A,0x61,0x66,0x99,0xC6,0x7B,0x6C,0x18,0x29,0xC5,0x09,
0xC7,0x9D,0xD3,0x8A,0x94,0x44,0xCD,0x2C,0x5C,0x27,0x1D,0xB5,0x4B,0xE3,0x48,0x36,
0x88,0x6E,0x16,0xCC,0x90,0xC0,0x6D,0x78,0xB8,0xB8,0x78,0x20,0xF2,0x45,0x47,0x49,
0x28,0xE2,0x28,0xB4,0xDD,0xD0,0xC3,0x98,0x8C,0x82,0xAA,0xA4,0x9D,0x87,0x73,0x0E,
0xF0,0x6C,0xD5,0x0F,0x5F,0x6A,0x8A,0xB4,0x59,0x9A,0x15,0x66,0x24,0x5E,0x06,0xC7,
0x2C,0x9C,0xAD,0xFC,0xAC,0xA5,0x3A,0xF1,0x15,0xC7,0x7F,0xDC,0xD8,0xD4,0x98,0x29,
0x9B,0x9E,0xCD,0xB6,0x6E,0x10,0xA8,0x8B,0xCF,0x02,0xA3,0xD8,0xAD,0xC6,0x4A,0x90,
0xAB,0x4A,0x32,0xC7,0x1C,0xA4,0x98,0x32,0x9C,0x6B,0xC8,0x91,0x7C,0x2A,0x44,0x56,
0x36,0xE8,0xEF,0x64,0x67,0x2B,0x22,0x35,0x40,0xD0,0x6C,0x39,0x62,0xD0,0xC1,0x03,
0xA1,0xA6,0x42,0xF2,0xFF,0xF3,0x68,0xC4,0xFB,0x31,0xB4,0x02,0x34,0x14,0xCB,0xD1,
0x35,0xAE,0xF0,0x0B,0x93,0x90,0x01,0x5E,0x18,0x42,0xB1,0x97,0x4E,0x4C,0xEF,0xD5,
0x76,0x5C,0xC8,0x0A,0x01,0x05,0x4F,0xDC,0x31,0x28,0x91,0xB1,0x30,0x75,0x84,0x45,
0x87,0x0D,0x17,0x20,0x30,0xB4,0xC6,0x93,0x3A,0xD5,0xAC,0x5B,0xAF,0x6E,0xC7,0x6F,
0x59,0xAC,0x16,0x1E,0x64,0x1E,0x2B,0x99,0x0E,0x24,0x43,0x0B,0xF7,0x1D,0xB3,0x18,
0x66,0x0C,0xA2,0x43,0xF2,0x34,0x40,0x2E,0x04,0x39,0x53,0x54,0xDF,0x57,0x52,0x96,
0x14,0xEA,0x3F,0xB2,0xDC,0xAD,0xEF,0xBB,0xE6,0x31,0x88,0xC5,0x04,0x52,0x5D,0x6F,
0x7B,0xAE,0x3C,0x45,0x11,0xBC,0xA1,0xD0,0x63,0x7C,0x35,0x47,0x3B,0x0A,0xB3,0x8A,
0x0A,0xBD,0x53,0xA3,0x0B,0x98,0x83,0x8D,0x2E,0xCD,0x44,0xA5,0xB1,0x84,0x38,0xF9,
0x38,0x3A,0x08,0x4A,0x09,0xA2,0xE1,0x1C,0x46,0xCB,0x9F,0x99,0xFB,0xB1,0x25,0x0A,
0x73,0x95,0xEE,0x0C,0xAD,0xF2,0xEE,0xFE,0x8D,0x4B,0x67,0x87,0xF6,0x2B,0x03,0xFC,
0xD9,0xB6,0xA9,0xB1,0xEF,0xFA,0x24,0x25,0xB3,0x66,0x76,0x12,0xF8,0x8E,0xC0,0x4C,
0x41,0x4D,0x45,0x55,0x55,0x55,0x00,0xAA,0x6E,0x77,0x3B,0xFC,0x9C,0x89,0xC9,0x6A,
0xC2,0x19,0x33,0x7F,0x2D,0xA4,0x6C,0x12,0xAA,0x92,0xD6,0xAC,0xFF,0xF3,0x68,0xC4,
0xFF,0x38,0x83,0x9E,0x1C,0x00,0xC6,0x90,0xFD,0x60,0x87,0x49,0x3C,0xE1,0xB1,0xA4,
0x11,0x3E,0xB2,0xE9,0x49,0x7F,0x8C,0x78,0x8A,0x6B,0x87,0x9C,0x69,0x1D,0xAA,0xEE,
0xF8,0x88,0xD6,0x70,0x16,0x28,0x13,0xDA,0xF3,0x47,0xDB,0xDC,0xC2,0x28,0xCA,0x24,
0x7C,0x1B,0xCE,0xD8,0xCE,0x38,0x55,0x01,0xA4,0x40,0x99,0xFE,0xF7,0x4C,0x57,0x5E,
0x9F,0xF6,0xC0,0xC8,0x2C,0x73,0xC8,0x5D,0x15,0x90,0x31,0x3B,0x0A,0x9E,0xBF,0x4A,
0x63,0x55,0xC7,0xFD,0x53,0x16,0xBB,0xF7,0x36,0xF8,0xD1,0xFE,0x3E,0x71,0xD8,0x72,
0x73,0x1A,0x8B,0x7B,0xC4,0x9A,0x1E,0x22,0x2B,0xAC,0x48,0xFD,0xED,0xEF,0x20,0xD7,
0x57,0x67,0x9D,0xDD,0x86,0x09,0xB1,0x48,0x8A,0xC4,0xA0,0xC1,0x56,0x34,0x49,0x80,
0xC2,0x61,0x6B,0x2A,0x29,0x08,0x39,0xE8,0xA4,0x4D,0x55,0x9F,0x39,0x5A,0x71,0x77,
0x97,0xF7,0x4D,0x05,0x49,0x3A,0xDB,0x36,0x2D,0x14,0xC7,0x13,0x6C,0x55,0x4D,0x5A,
0x84,0x77,0x9B,0xA1,0x5A,0x03,0xCE,0x8A,0x29,0x2F,0x24,0x04,0xA0,0x0B,0x89,0x6D,
0x2C,0xB5,0xB0,0x59,0xF8,0x61,0xA1,0xA2,0x11,0x83,0x4A,0xBE,0x5F,0xA6,0x5E,0xA6,
0xC0,0xC0,0x48,0xFC,0x8A,0xCD,0x34,0xC1,0x05,0x30,0xA5,0xCD,0x49,0x25,0xE4,0xBA,
0x1E,0x76,0xA4,0x86,0xFF,0xF3,0x68,0xC4,0xE1,0x2B,0x2B,0x66,0x34,0x14,0xCB,0xCB,
0x34,0x0F,0xA9,0x89,0x58,0x0E,0xF8,0x1C,0x0D,0x4B,0x62,0xB3,0x6D,0x26,0x39,0x34,
0xF4,0x50,0xC5,0xD9,0x99,0x12,0x0A,0x49,0x5D,0x98,0xDC,0x0C,0x5F,0x35,0x23,0x6C,
0xC6,0xFF,0x08,0xF1,0x83,0x9F,0x5F,0x54,0x97,0xF7,0x87,0x71,0xA8,0x7B,0x9C,0x09,
0xE1,0x1C,0x6F,0xC8,0xFA,0x06,0x8A,0x32,0x1E,0x55,0x69,0xEF,0xB6,0xA2,0x5E,0x13,
0x30,0xF7,0x86,0xAA,0xF9,0x1A,0xFA,0x14,0xE5,0x69,0xF5,0x9F,0x49,0xE0,0x47,0xB3,
0x09,0x0F,0x92,0x2C,0x6C,0xF8,0xA9,0xA5,0x7F,0x89,0x68,0x7A,0x81,0x9F,0xEF,0xFD,
0xF3,0x9D,0x3C,0x79,0x1D,0xF1,0x55,0x9E,0xDB,0x24,0x0C,0x02,0x18,0x97,0xF9,0x36,
0xEF,0x30,0x5A,0x89,0x7F,0x2C,0x22,0x84,0xC5,0xB2,0x62,0x52,0x11,0x0E,0xAF,0x65,
0x7C,0x6C,0xC7,0x75,0x7F,0xEF,0x40,0xC0,0x15,0xF6,0x6D,0xBD,0xE7,0xF5,0x27,0xE6,
0x77,0x95,0x1D,0xFF,0xDA,0xCD,0xDA,0xE5,0x84,0xD9,0xBD,0x44,0xF0,0xE4,0x96,0xEC,
0x44,0x3E,0xBD,0xAD,0x76,0x1B,0xA7,0x60,0x91,0x38,0x09,0xF0,0x8F,0xB6,0xEE,0x50,
0x39,0x63,0xC5,0x56,0x04,0x69,0x88,0xC1,0x2E,0x8A,0xD1,0x04,0xD4,0x9D,0x6E,0x02,
0x4D,0x2C,0x75,0x32,0x2B,0xA3,0x6C,0x1C,0xB0,0x8B,0xD1,0xA6,0xFF,0xF3,0x68,0xC4,
0xFF,0x35,0x6B,0xA6,0x20,0x04,0xD3,0xCD,0x8D,0xA8,0x2D,0xA0,0x38,0xCB,0x12,0x92,
0x8D,0x07,0x7C,0x11,0x04,0x64,0xBA,0x16,0xB0,0x24,0x7C,0x9F,0x7E,0x64,0x91,0x8A,
0x59,0x75,0xB8,0xCA,0x86,0xAB,0x7B,0x24,0x94,0xCA,0x9C,0x05,0x6D,0x11,0xB1,0x44,
0x24,0x7B,0x35,0x80,0x4C,0x50,0x96,0x83,0x9D,0x34,0xD4,0xF6,0xAE,0x61,0x4B,0x8C,
0xA3,0x29,0x94,0x3B,0x88,0xC8,0xA2,0x8C,0x82,0x7E,0x09,0x55,0x93,0xB5,0x6B,0x2C,
0x24,0xF4,0xAF,0x73,0x50,0x22,0xFD,0x7B,0xAF,0xD2,0xD6,0xEE,0x3F,0x77,0x01,0x62,
0x8E,0xF9,0xEB,0x61,0x0D,0x03,0xC0,0xE2,0x4C,0xA6,0xA9,0x0D,0x88,0x9D,0x3B,0xCD,
0xF3,0xFC,0xFF,0x52,0xE4,0xB9,0x0D,0x17,0x55,0x08,0x24,0xC5,0x4F,0x57,0x95,0x96,
0xB8,0x1D,0x29,0x69,0x65,0x87,0x14,0x24,0xB6,0x6A,0xEE,0x7B,0x9F,0x4E,0x27,0x6B,
0x5A,0xEE,0x24,0x7D,0x07,0x23,0xAB,0x9A,0x9F,0xE6,0x7B,0x98,0x99,0xE3,0x3D,0x59,
0x6A,0x7E,0xE5,0x5E,0x35,0x98,0xA8,0x4A,0xC7,0x75,0x8E,0xBA,0xAE,0x78,0x01,0x55,
0xDD,0x14,0x46,0xB5,0xAA,0x59,0x6B,0xA8,0xFB,0x29,0xAB,0x2B,0x52,0x31,0x14,0xDC,
0x2E,0x04,0x35,0x0A,0x6C,0x6C,0xA9,0x83,0x91,0x27,0xDB,0x81,0x52,0x01,0x75,0x18,
0x00,0x5B,0x8E,0xC4,0xFF,0xF3,0x68,0xC4,0xF4,0x33,0xE3,0xCE,0x1C,0x00,0xC6,0x90,
0xF9,0xE7,0x00,0x32,0x02,0x40,0x2D,0x1D,0x5E,0x4B,0x1D,0xE6,0x1C,0xD8,0x4C,0x44,
0x1C,0xF2,0xD2,0xAA,0xDA,0x78,0xFB,0xF7,0x20,0xAF,0x3B,0x20,0x99,0x51,0x36,0x06,
0xD0,0x67,0x29,0xE5,0x92,0xA3,0x21,0x89,0x14,0x36,0x0F,0x68,0x21,0x39,0x14,0x31,
0x67,0x1A,0x2A,0xF5,0x2B,0x54,0xA4,0xCF,0xB6,0x4A,0xA5,0xB0,0xF5,0xAD,0x1A,0x8E,
0xE0,0xA4,0xEE,0x76,0xE4,0xFC,0xB6,0x9B,0x38,0xEA,0x0F,0xCC,0xD3,0x67,0xFF,0x5B,
0x1C,0xB9,0x4C,0x04,0x12,0x0F,0xE8,0xED,0x40,0x64,0x0B,0x00,0xC5,0x07,0x46,0x0A,
0x88,0x07,0x99,0xF3,0xBB,0x16,0xFB,0x23,0x2B,0x21,0x23,0x04,0x04,0x27,0x79,0xC6,
0x20,0x82,0x0E,0xB5,0x65,0xA9,0xF2,0xB3,0xA1,0x84,0x9C,0x35,0x9A,0xC5,0x75,0x32,
0x1D,0xD4,0x51,0xBE,0x89,0x45,0x78,0x9A,0xBE,0x95,0xF4,0xBC,0x50,0xEE,0x45,0x13,
0xD0,0x9E,0x90,0x2D,0xF5,0xC2,0xFB,0x9D,0xBB,0xEB,0xAC,0xCF,0xFC,0x00,0x93,0x62,
0x66,0x51,0x03,0xBE,0x52,0xF6,0x99,0x6E,0x3C,0x9F,0xC4,0x85,0x97,0x8D,0x7B,0xBA,
0x02,0x01,0x94,0xBD,0x69,0xAD,0xD5,0x03,0x8D,0x89,0x44,0xFB,0x36,0x45,0x2C,0x0B,
0x0E,0x69,0x80,0x98,0x8C,0xF0,0x1C,0x1A,0x22,0x1E,0x86,0x43,0xFF,0xF3,0x68,0xC4,
0xEF,0x30,0x03,0x76,0x20,0x00,0xDE,0x4B,0x15,0x0D,0xCD,0x23,0x18,0xAC,0x2E,0x12,
0x2C,0xD8,0x70,0xED,0xB2,0x11,0xCB,0x63,0xB1,0xF7,0x7E,0x1E,0x86,0xE0,0x79,0x64,
0x79,0x53,0x39,0xEE,0xB3,0xFD,0x4B,0x0E,0x0E,0xFA,0xE5,0xA2,0x09,0xC1,0x79,0x20,
0xCC,0x5E,0x5D,0x25,0xAD,0xCC,0xEA,0xDA,0xCE,0xD5,0x9A,0x09,0x52,0x28,0x9A,0x94,
0x32,0x4B,0x36,0x9A,0xFB,0x58,0x84,0xD8,0x8D,0x8A,0xF0,0x68,0xB9,0xE3,0x05,0xA6,
0x33,0x5A,0x6F,0x17,0xAE,0x55,0xA7,0x1D,0x61,0x79,0xE9,0xA8,0x74,0x74,0xCB,0x04,
0x95,0x1C,0xFA,0x4A,0x59,0xC5,0xF9,0x16,0xD7,0xC3,0x0D,0x7A,0xFF,0xB7,0xED,0xB6,
0x48,0x38,0x63,0x42,0xC8,0xD2,0x04,0x18,0x09,0x45,0x59,0xB5,0x83,0x06,0x92,0x5B,
0x07,0x05,0x67,0xA3,0xA0,0x04,0x32,0x7A,0x9A,0x8B,0xB8,0xEE,0x26,0xA3,0xB4,0xBE,
0xFE,0x04,0x79,0x12,0x8E,0xBF,0xBF,0xA8,0xE2,0x38,0x2B,0x1F,0x0C,0xDD,0xED,0xBD,
0x73,0x2F,0xA4,0x4A,0xA4,0x54,0x55,0x0C,0x8A,0x5C,0xE9,0x9C,0xDD,0xEB,0x0A,0x4C,
0x41,0x4D,0x45,0x33,0x2E,0x31,0x30,0x30,0x55,0x55,0x55,0x55,0x55,0x55,0x00,0xFE,
0xB9,0xF8,0x32,0x9C,0xC1,0xC9,0xEA,0xF0,0xC8,0x2F,0x11,0x90,0x9A,0x81,0x49,0x89,
0x74,0x70,0x1D,0xB8,0xFF,0xF3,0x68,0xC4,0xFA,0x35,0x43,0xCE,0x1C,0x12,0xCB,0xD1,
0xA5,0x78,0x03,0x61,0xEA,0x60,0x29,0x0E,0x03,0xA6,0x0C,0x12,0x54,0xAD,0xA8,0x94,
0xA6,0x0D,0xD5,0x82,0xAA,0x92,0x81,0x9E,0x29,0xB6,0x35,0x2D,0xD2,0x5B,0x97,0x4F,
0x54,0xAE,0xFC,0x45,0x62,0xDD,0xD4,0x49,0x40,0x62,0xD3,0x05,0x81,0x27,0x4E,0xAC,
0x65,0xDF,0xE7,0xFE,0x1A,0xCB,0xEC,0x3F,0x45,0xDA,0x5B,0xBD,0xB7,0x0D,0xC3,0x94,
0xBF,0x4A,0x4C,0xE6,0xFA,0x40,0x99,0x11,0xBF,0xEB,0xF8,0xDE,0x26,0x91,0x1F,0xF3,
0xB8,0xD4,0x8D,0xE0,0x94,0x81,0x1D,0x66,0xC9,0x65,0xCE,0xFF,0xFE,0xDD,0xFF,0x70,
0xF9,0x7E,0x7D,0x2B,0x26,0x5F,0x73,0xEE,0xE9,0x8A,0x15,0xB6,0x7F,0x6F,0x6B,0xD6,
0xEE,0xAF,0x1D,0xFE,0x6E,0x6D,0xC8,0x1D,0x36,0xC2,0xE1,0xD6,0xE7,0xEF,0x72,0x6B,
0xA1,0x31,0x1D,0xF6,0xFC,0x3B,0xF9,0x30,0x03,0xEB,0x17,0x76,0x41,0x97,0xA7,0x79,
0xEC,0x9A,0x73,0x39,0xEB,0x28,0x52,0x85,0x4C,0x41,0x4D,0x45,0x33,0x2E,0x31,0x30,
0x30,0x0B,0x2D,0xBE,0xD3,0xCD,0xD7,0x94,0x51,0x67,0x02,0x3E,0x2B,0x56,0x45,0x15,
0x62,0x8C,0xE9,0xAD,0x55,0x69,0xCE,0xA9,0x20,0x4C,0xD9,0xAC,0xCA,0x18,0x89,0x08,
0x85,0x07,0xC6,0x59,0xA2,0x1D,0x00,0x1E,0x02,0xDA,0x2D,0xA4,0xFF,0xF3,0x68,0xC4,
0xE1,0x2B,0x22,0xBE,0x30,0x14,0x66,0x12,0xF5,0x38,0xE1,0x45,0x9F,0xC6,0x48,0x21,
0x11,0x3D,0x44,0x65,0x94,0x39,0x4B,0x18,0xD4,0xFD,0xDA,0x6C,0x72,0x76,0x11,0x22,
0x5D,0x7E,0x9E,0x85,0xF6,0x1A,0x49,0x8F,0x33,0x94,0x82,0x26,0x1D,0xBE,0xC6,0x8E,
0xE5,0x5D,0x6B,0x2C,0x2D,0x63,0x72,0xC3,0xC2,0x90,0xD0,0xF7,0xCC,0xBD,0x2C,0x4A,
0xDE,0x1A,0x21,0x0A,0x8F,0x6C,0x90,0x05,0x1A,0xBC,0x8F,0xCB,0x4D,0x61,0x4A,0xA8,
0x27,0xBF,0xEC,0xB9,0xA4,0xC1,0x72,0x50,0x92,0xBF,0x53,0x8A,0x27,0xFE,0x9D,0xFA,
0xBF,0x5B,0xEF,0xD4,0xF2,0xB6,0xE2,0x85,0x67,0xC6,0xD2,0x91,0x63,0x49,0x26,0x6E,
0x11,0xA5,0xBD,0x67,0xBA,0x6D,0xAF,0xB3,0x86,0x08,0x90,0xDB,0xCC,0x42,0x2B,0x14,
0xC7,0x25,0x88,0xD4,0xB1,0x5B,0xA9,0x2C,0xD6,0x6B,0xBB,0x99,0x5D,0x8E,0x57,0x61,
0x4E,0xD1,0x8C,0x46,0x9E,0xE4,0x57,0xA9,0x3B,0x65,0x21,0x0F,0x9C,0x42,0x8E,0xB6,
0x4C,0x41,0x4D,0x0B,0x6C,0xC7,0xA0,0xBB,0x30,0x99,0x5B,0xB1,0x2C,0x86,0xD8,0x93,
0x91,0x0F,0xB6,0x16,0x0E,0xAB,0x27,0xE2,0xEF,0xCA,0xC1,0x08,0x08,0x33,0xF9,0x7C,
0x3C,0x95,0x61,0x41,0x8B,0x01,0x34,0xEC,0x87,0x13,0x18,0xF4,0x77,0x43,0x95,0x85,
0x6C,0xCB,0x82,0x33,0xFF,0xF3,0x68,0xC4,0xF6,0x30,0x7B,0xFA,0x24,0x0C,0xCA,0x4B,
0xAD,0x3F,0x1F,0x0A,0x0C,0x86,0x10,0xEE,0x18,0x06,0x41,0x35,0x2B,0x71,0x6B,0xE1,
0xAC,0x62,0x6D,0xCA,0x9E,0x31,0x9B,0xB3,0x19,0x02,0x00,0x72,0x1F,0xD0,0x41,0x10,
0x31,0xE6,0xA3,0x29,0x8A,0x67,0x11,0xE5,0x7D,0x61,0xDA,0x4A,0x5E,0x3E,0x03,0x86,
0x0B,0xB3,0x9C,0xA6,0x7D,0x9A,0x5C,0xD6,0x45,0xE0,0x89,0x77,0x54,0x2F,0x1F,0x1F,
0x8A,0x0E,0x9A,0xCD,0x9A,0x56,0x4E,0x35,0x98,0x3B,0xE7,0xAA,0x4D,0xD2,0xA8,0x40,
0x79,0x16,0x30,0xF5,0x08,0x23,0x6A,0x95,0xFB,0x4E,0x27,0xF9,0xE3,0xDF,0x3D,0xE6,
0xDB,0xA3,0x30,0x7A,0x04,0xF5,0x31,0x53,0x13,0x14,0xE7,0x5F,0xF0,0x02,0x21,0xD0,
0x7A,0x3D,0xDA,0xB1,0xD4,0xFD,0xC9,0x11,0xAD,0xA5,0xCF,0x49,0x8C,0xDB,0x31,0xFD,
0xAB,0xEE,0xBF,0xE9,0x85,0xBD,0x46,0xC4,0xEF,0xCF,0xED,0x3B,0x7A,0x4C,0xD0,0xF6,
0xDE,0x5B,0xBC,0x72,0xDE,0xA1,0xCD,0x89,0x4C,0x41,0x4D,0x45,0x33,0x2E,0x31,0x30,
0x30,0xAA,0xAA,0xAA,0xAA,0xAA,0xAA,0xAA,0xAA,0xAA,0xAA,0xAA,0xAA,0xAA,0x00,0x80,
0x0A,0x36,0x94,0xFC,0xAE,0xF2,0x2D,0x66,0x72,0xB6,0x72,0xC7,0x75,0xB6,0x6A,0xF5,
0x70,0xBD,0xBF,0x7F,0x26,0x98,0x25,0x34,0x96,0xBB,0x3E,0x65,0xFF,0xF3,0x68,0xC4,
0xFC,0x32,0x03,0xEE,0x1C,0x0A,0xD3,0x11,0xA5,0xAF,0xF3,0x4B,0x7A,0x02,0xA0,0x0B,
0x29,0xF7,0x87,0x25,0xF1,0xA8,0xCD,0x22,0x33,0x2D,0x16,0x90,0xE2,0xDA,0xA4,0xAD,
0x84,0xF6,0x3D,0xBB,0x29,0x62,0x93,0xF4,0xB8,0xFE,0x4B,0x5A,0x96,0x08,0x68,0xC3,
0xC7,0x84,0x73,0x2A,0xDF,0xFF,0xAE,0x7D,0x7C,0x44,0x05,0x3C,0x7C,0x55,0x91,0x57,
0xAF,0x76,0x75,0x53,0xCC,0x48,0xDC,0x37,0x95,0x7F,0x50,0xB3,0xBF,0x76,0xE5,0x53,
0x9D,0x31,0x0F,0xEF,0xC3,0xDB,0x03,0x51,0x75,0x54,0x47,0x87,0x23,0x25,0x4A,0x57,
0x69,0xCC,0xEC,0xAD,0x7B,0x26,0xF5,0x33,0xA2,0x18,0x73,0xD4,0x41,0xCC,0x35,0x88,
0xCB,0x71,0x25,0x2B,0x8F,0x42,0x3A,0xC4,0xC0,0x51,0x85,0xCE,0x54,0x75,0x6B,0x21,
0xD5,0x11,0xA6,0xBA,0x51,0x1E,0x82,0x34,0x5B,0x13,0x44,0x5D,0x10,0x7B,0x31,0x95,
0x76,0xB3,0x55,0x91,0x95,0xA9,0x7B,0xD5,0xCA,0xD3,0x94,0xE8,0xA4,0x28,0xDC,0x99,
0x0D,0x0D,0x24,0xC4,0x7E,0x9E,0x6E,0xBB,0xC7,0xA5,0x62,0x4C,0x45,0xF8,0xA4,0x1E,
0x26,0xB2,0xC1,0x57,0x63,0x2E,0x43,0xE4,0x1B,0x16,0x38,0x84,0x2A,0x9A,0x28,0x0C,
0x05,0x19,0x10,0xA3,0x3D,0x2E,0xE0,0x38,0x44,0x88,0x6C,0x5C,0x84,0x60,0x22,0x14,
0xFF,0xC7,0xD3,0xF5,0xFF,0xF3,0x68,0xC4,0xE9,0x2D,0x43,0xFE,0x30,0x5E,0xC3,0xCB,
0x89,0x4D,0x0C,0x01,0x34,0x79,0x49,0xA3,0x17,0x62,0x25,0x24,0x81,0x1A,0x6C,0x89,
0xE4,0x6F,0xE4,0x2F,0xB8,0x08,0x2A,0x5D,0x21,0xBA,0xF8,0x24,0xF8,0x04,0x18,0xB5,
0xF0,0xEA,0x6E,0x99,0x28,0x3C,0xCC,0x96,0xAC,0x19,0x4B,0x52,0xA5,0x7A,0xBF,0xC9,
0xBC,0xAA,0x82,0x97,0x48,0x82,0xE1,0xCE,0x3E,0x8A,0x8A,0x51,0xAC,0x4B,0x8B,0x62,
0x36,0x2A,0xF1,0xFA,0x03,0x0A,0xAA,0xF2,0x7D,0x4F,0xE1,0xBC,0x58,0x56,0x43,0x89,
0xF1,0xFF,0x80,0xDB,0xB6,0x93,0x7D,0xAA,0x49,0x73,0x51,0x46,0x92,0x67,0xFB,0x7D,
0x9E,0x72,0x32,0x5F,0xE7,0x36,0x5F,0x3D,0xF6,0x9E,0x61,0x54,0x84,0x3F,0xD9,0xE5,
0x6B,0x5B,0x6A,0xDF,0xA6,0x2C,0x98,0xD6,0xDC,0x7C,0x82,0x7F,0xDE,0x79,0x4F,0xDB,
0xBE,0xEF,0x99,0xCD,0xCF,0x95,0x7F,0x4C,0x7F,0xE7,0x6B,0xEB,0x9C,0x04,0xB9,0x77,
0xFF,0x19,0x9F,0xE7,0xE9,0x3D,0x22,0xE6,0x66,0x64,0x76,0xCB,0x37,0x59,0xF7,0x32,
0x33,0x2B,0xA9,0x3C,0xC6,0x0D,0x98,0xC4,0x5A,0x6D,0xF3,0xB3,0x11,0xBE,0xFC,0x29,
0x4B,0x38,0x61,0x69,0x82,0xDC,0x54,0x39,0x2F,0xD8,0x9A,0xC1,0x48,0x8B,0x04,0x8D,
0x53,0x15,0x46,0xF5,0x78,0x20,0x70,0xE6,0x16,0x34,0x40,0xD8,0xFF,0xF3,0x68,0xC4,
0xFF,0x35,0xF4,0x0E,0x14,0x02,0xDB,0xCD,0xA5,0x89,0x52,0x49,0xC2,0x99,0xB7,0x28,
0xBC,0x02,0xC1,0x59,0x99,0x00,0x86,0x11,0xA6,0x78,0x08,0xAC,0x52,0x8B,0x7B,0x10,
0x8B,0xCA,0x23,0x73,0x4F,0xD4,0x04,0xED,0x82,0x8E,0x81,0x6A,0x4F,0xCC,0x35,0xC0,
0x81,0x57,0x31,0x7D,0x81,0x9C,0x0D,0x4C,0xEF,0xF2,0x89,0xFD,0xA5,0xA4,0xD7,0x77,
0x9D,0x4E,0x51,0xA3,0x31,0xC2,0x31,0x13,0xFD,0xAA,0xED,0x27,0xC4,0x66,0xBD,0xAC,
0x98,0xF5,0xBC,0x6A,0x2C,0x96,0xBF,0x35,0xCD,0xEF,0x0E,0x72,0xDC,0x90,0x43,0x47,
0x9D,0x1C,0xF3,0xC5,0x08,0x8E,0x88,0xC4,0xC0,0xCB,0x30,0xF7,0x4F,0x1C,0x35,0xAE,
0xAD,0xDF,0x11,0x2B,0xB5,0xC1,0x4E,0xF7,0xE5,0x5C,0x1A,0x02,0x84,0xA3,0x5C,0x70,
0xAA,0xA3,0xF1,0x41,0x6B,0xE8,0x54,0x54,0x79,0xE2,0x37,0x75,0x8C,0xDB,0xEE,0x9F,
0xB7,0x7A,0xA9,0x1D,0x7C,0xB4,0xA0,0x88,0x8D,0xDE,0xD7,0x4F,0xAD,0x51,0xA7,0x6B,
0x50,0xCE,0xF3,0x5B,0x8E,0x94,0xE1,0xB4,0x19,0x0D,0x69,0x6C,0xD1,0x12,0x74,0x34,
0xD3,0x5E,0xD7,0x4C,0x38,0x5D,0xEA,0x04,0xA9,0xAC,0xFE,0x53,0x8C,0xBA,0xE4,0xFD,
0x0D,0xE6,0x7F,0x55,0x9D,0x36,0xF3,0x79,0xC1,0x12,0xA9,0xB5,0xE2,0x83,0x69,0x41,
0x1D,0x97,0x34,0x42,0xFF,0xF3,0x68,0xC4,0xF2,0x35,0x14,0x16,0x14,0x02,0xCA,0x51,
0xC0,0xFF,0x09,0xCD,0xD1,0x92,0x85,0x10,0x08,0xE8,0x8D,0x0B,0x8E,0xA3,0xCB,0x09,
0x67,0x2F,0x11,0x6C,0xD2,0xB4,0xBB,0x88,0x8B,0x39,0x4D,0x95,0xEC,0xB5,0xDA,0x68,
0x06,0x2F,0x76,0xF5,0xAB,0x91,0xB5,0x66,0x70,0x5D,0xC6,0xA4,0x44,0xE9,0x77,0xEB,
0x3D,0xFE,0xFF,0x5F,0xBB,0x5C,0x9A,0x48,0x94,0xAA,0xB3,0x93,0xFC,0xCE,0xAD,0xE1,
0x5E,0x8E,0x96,0x73,0x9B,0xA6,0x69,0xF9,0xF3,0xF7,0xFF,0xBC,0xB4,0x1F,0x1A,0x6E,
0xD1,0x1E,0x2C,0xF8,0x35,0x34,0x29,0xF3,0x42,0xE6,0x5E,0xF1,0x77,0x0D,0x33,0xEF,
0x4B,0x51,0x55,0x1D,0x71,0xD4,0xE6,0xC8,0x95,0xBC,0x7F,0xC5,0xB9,0x76,0x8A,0x21,
0xA7,0x2C,0x21,0xE6,0xB3,0xCC,0xF3,0xCF,0x35,0x37,0xD7,0xC4,0x52,0xFD,0xB1,0x85,
0x7B,0x4A,0xC9,0x0D,0x92,0x0D,0x0B,0x6B,0xA8,0x93,0x8C,0x2A,0x94,0x22,0xB6,0x65,
0x55,0x41,0xB0,0x58,0xDB,0x31,0xF7,0x45,0xB0,0x9A,0x0D,0x15,0x8D,0x35,0xDB,0x0E,
0x6C,0x72,0x23,0x24,0xC2,0x19,0x61,0xCF,0x33,0x53,0x7D,0x5C,0xD8,0xD4,0x65,0xF7,
0x6E,0x42,0x81,0x47,0x94,0xB7,0x19,0x7C,0x7C,0xBA,0xE6,0x24,0x42,0x0D,0xA3,0x80,
0x09,0x68,0xA9,0x23,0x94,0x08,0x98,0x0D,0x23,0x3F,0x75,0x95,0xFF,0xF3,0x68,0xC4,
0xE8,0x2D,0x63,0xC2,0x24,0x14,0xC2,0x07,0xCD,0x89,0x88,0x02,0x0B,0x11,0x18,0x21,
0x4C,0x5D,0xB8,0x7A,0xB4,0x6E,0xF6,0x56,0x6C,0x54,0x99,0x56,0x37,0x9B,0x95,0x26,
0x5D,0x14,0x71,0x60,0xCF,0xB9,0x8B,0x18,0x5D,0x29,0x1D,0xAC,0x6F,0x4B,0x72,0xD7,
0xE5,0xAE,0x67,0x8B,0x0A,0x04,0x92,0x2E,0xDC,0x26,0x38,0xE4,0xC0,0xF5,0x31,0xD3,
0xBA,0xEB,0x7E,0xE8,0x58,0x5B,0xED,0x6B,0x7A,0xEE,0x1B,0xFC,0xE6,0x0D,0x11,0x37,
0xBE,0x73,0xC9,0x51,0x3C,0xAC,0x30,0x11,0x8F,0x8C,0x04,0x91,0x2F,0xCE,0xEE,0x66,
0xB7,0x87,0x7C,0x96,0x49,0xCA,0x99,0x83,0x51,0x68,0xD3,0xC6,0x03,0x92,0x5A,0x8A,
0xC6,0xCF,0xB5,0x6C,0x90,0xF4,0x6D,0x53,0x82,0x31,0x18,0xFF,0x32,0x20,0xEF,0xFB,
0xCB,0x3C,0xBF,0xF5,0x7E,0xE7,0xB2,0x1E,0x2A,0x9B,0x4C,0xB6,0x8D,0xDD,0xC2,0x5A,
0x0C,0x96,0xEC,0x66,0x61,0xD9,0x0E,0xAD,0x74,0x6E,0x59,0xEA,0x3D,0xA4,0x9B,0x9A,
0x85,0x6F,0x76,0x67,0x76,0x3E,0x50,0x47,0x6A,0xD5,0x4A,0x58,0x0A,0x1A,0xC1,0xAD,
0xDA,0x6F,0x60,0x9A,0x35,0xB0,0xCE,0xE9,0x53,0x85,0x53,0x2B,0x6B,0x75,0x20,0x1C,
0x22,0x14,0x65,0x80,0xAF,0x58,0x71,0x3E,0x93,0x74,0xE2,0x09,0x56,0xF3,0x16,0x20,
0x2E,0x50,0xC2,0x1B,0xFF,0xF3,0x68,0xC4,0xFD,0x34,0x84,0x0E,0x18,0x0C,0xD2,0x4D,
0xC1,0x37,0x4A,0x41,0xA2,0x84,0x88,0x23,0x75,0x86,0xD0,0xBB,0xA7,0x46,0x38,0xFA,
0xC0,0x08,0xA3,0x4A,0x02,0x35,0x0F,0xB6,0xCE,0x26,0x4E,0xCC,0xE4,0xE0,0x8C,0x38,
0xE0,0xE9,0x5D,0xF8,0xDB,0xF0,0xBE,0x0C,0x60,0x50,0x51,0xF4,0x1B,0x06,0xCA,0x42,
0x95,0x50,0x77,0xA0,0xE9,0x76,0x54,0x36,0xA9,0x75,0x62,0x6E,0x8B,0x4A,0x1E,0x60,
0x5F,0x27,0xBB,0x6E,0xE8,0x0E,0x82,0x70,0x5B,0x5A,0xB1,0x25,0x30,0x56,0x97,0x86,
0xD9,0xCB,0x21,0x58,0xF2,0xD8,0x8C,0xFA,0x98,0xA2,0xAD,0xC9,0x8D,0x39,0x7B,0xD2,
0x5C,0x5B,0x2E,0x73,0xA8,0x91,0xC6,0x24,0x99,0x8B,0x42,0x85,0x44,0xED,0x46,0xDD,
0x11,0x6A,0x9A,0x55,0x37,0x2A,0x7A,0x58,0x80,0x31,0xE0,0xCB,0x53,0xE8,0x25,0x38,
0xF1,0xE7,0x35,0x44,0x2A,0xDC,0x8F,0x29,0x99,0xA0,0xD2,0xC4,0x52,0x16,0xD0,0x24,
0x15,0xD4,0x5D,0xEA,0xC9,0xB8,0x99,0x91,0xC2,0xB0,0x72,0xBD,0x31,0x62,0x26,0xC2,
0x82,0x57,0xEA,0x0A,0xC6,0x64,0x96,0x40,0x7A,0xE2,0x52,0xAC,0x95,0xB6,0x16,0xB6,
0x4A,0x3E,0xC6,0xC4,0x32,0x71,0x4C,0xD9,0x54,0x30,0xD1,0x86,0xAB,0xC4,0x51,0xD0,
0x48,0x27,0xC0,0x00,0x1B,0x9B,0xB9,0xDC,0x2B,0x63,0xF7,0xA3,0xFF,0xF3,0x68,0xC4,
0xF6,0x3B,0x03,0xFE,0x08,0x00,0xD3,0xD1,0xA5,0xF4,0xB4,0x90,0xCB,0xFF,0x49,0x37,
0x5A,0xC6,0x56,0x5A,0x53,0x4C,0xB3,0xC9,0x2F,0x26,0x9B,0x49,0x5C,0x32,0x9D,0x05,
0xC0,0x07,0x96,0xDD,0xE9,0x9F,0xCB,0xCF,0xEC,0x16,0x08,0x45,0x16,0x5C,0x04,0x7F,
0x9E,0x96,0x9F,0x55,0xDB,0x29,0x6D,0x87,0x2D,0x30,0x7C,0x23,0x85,0x2A,0x00,0x40,
0xC0,0x47,0x8D,0xE5,0x8F,0x5F,0xFF,0xB6,0xFE,0x6E,0x26,0xAA,0x2B,0x75,0x1E,0x67,
0xF9,0xF0,0xD5,0x37,0xE7,0x5A,0x96,0x6F,0xBB,0x67,0xFC,0xE5,0x8E,0x48,0xFB,0xFF,
0xFB,0x66,0x15,0x19,0x58,0x60,0xDF,0xE3,0x6D,0x01,0x16,0x72,0x3D,0xF9,0x99,0x1A,
0xB6,0x54,0xDA,0xB3,0xC6,0xB6,0x02,0x74,0xED,0xF3,0x2C,0xE1,0x56,0x3A,0x40,0x2A,
0xF0,0xB8,0xC7,0xE5,0xF9,0x6B,0xF6,0x4F,0x25,0x5D,0x82,0x76,0xF0,0xEF,0x68,0x3D,
0xCD,0x8A,0x6C,0x21,0xD3,0x42,0xCA,0x41,0xEA,0x92,0xFA,0xB2,0x90,0xAB,0x21,0x80,
0x20,0x7E,0xD5,0x0C,0x6E,0x4B,0xB0,0x8E,0x45,0xEA,0xC1,0xB6,0x1F,0xD6,0xC0,0xCA,
0x14,0xB1,0xB3,0xA9,0x43,0x7A,0x91,0x0D,0x79,0x97,0x0E,0x82,0x51,0x68,0xF4,0x7D,
0x21,0x5D,0x64,0xBD,0x61,0xAD,0x7C,0xBC,0x88,0xDE,0x5E,0x23,0x9E,0x79,0xB3,0xA9,
0x94,0x81,0xE2,0x5C,0xFF,0xF3,0x68,0xC4,0xD5,0x28,0xEB,0x76,0x29,0x54,0xCB,0xC7,
0x35,0x8F,0x79,0x86,0x2E,0x4C,0x24,0x42,0x21,0x69,0xBF,0x11,0xA8,0x7A,0x55,0x31,
0x03,0xCB,0x6A,0x32,0xF7,0x8B,0xF0,0xA6,0xF7,0xF8,0x0C,0x38,0x58,0x5B,0x80,0x63,
0x8D,0x05,0x43,0x5F,0xBD,0x2A,0xBB,0x67,0x5A,0xD7,0x6A,0xEB,0x38,0x8A,0x7F,0xAE,
0xF5,0x6F,0xB7,0x0C,0xB5,0x98,0x32,0x06,0xCE,0x3B,0x18,0xE7,0x15,0x2A,0x3D,0x93,
0x59,0xC9,0xE6,0x7B,0xFA,0xE1,0xFC,0x65,0x4F,0x59,0x79,0xCD,0x3D,0x35,0x2F,0x09,
0x63,0x13,0x7D,0xAE,0xCF,0x41,0x6D,0xB3,0x79,0x19,0x1E,0x2A,0x3B,0x7F,0x45,0x4C,
0xD1,0x5D,0xF7,0xB4,0x41,0xC9,0xDA,0xEB,0x27,0x37,0xD9,0x4E,0x5D,0x77,0xB4,0x49,
0x36,0xF4,0x9F,0xCC,0xC3,0x7C,0xD7,0x35,0xCB,0x95,0x5F,0xDB,0x35,0xAD,0xBB,0x84,
0xCE,0x5B,0xC5,0xBB,0x6B,0xA7,0x6D,0x39,0x29,0xAD,0x68,0xDE,0xB1,0x55,0xB4,0xF0,
0xEF,0x09,0xA8,0xDF,0xB5,0xD2,0x5C,0xB4,0x6D,0x25,0x9F,0x59,0x55,0x74,0x7A,0xC9,
0x05,0x2A,0xFF,0xB1,0x4A,0xFB,0x44,0x9E,0xE7,0xF9,0xDE,0xB5,0x0E,0xA4,0xAC,0x5D,
0xAD,0xB6,0xAE,0xDF,0x24,0x45,0xCE,0x1D,0x09,0x55,0xB9,0x0B,0x4D,0x76,0x92,0x7B,
0x1C,0x80,0xB3,0x4D,0x22,0x3B,0x81,0x32,0x9D,0x81,0x04,0x1C,0xFF,0xF3,0x68,0xC4,
0xFC,0x34,0x4C,0x0E,0x10,0x0A,0xD3,0x0D,0xA5,0xA0,0x0E,0x73,0xDC,0x80,0x34,0xE6,
0x16,0x12,0x2A,0x0C,0x10,0x5B,0x79,0xA9,0x89,0x98,0xBD,0x35,0x5A,0xB1,0xF6,0xCA,
0x24,0xAE,0x37,0xF1,0x8F,0xB9,0x6D,0x61,0x35,0x9B,0xE1,0xEA,0x84,0x47,0x3D,0x91,
0x1B,0xD1,0x09,0x6C,0xCD,0xAF,0xC7,0x0B,0x79,0x5E,0x61,0xA3,0x40,0x22,0x05,0x99,
0x97,0x49,0xF7,0x98,0xFA,0x63,0x94,0x33,0x5B,0x2A,0x17,0x8E,0x8C,0x5B,0x7D,0xC9,
0x9A,0x9C,0x88,0x03,0xCE,0xED,0x3E,0xB9,0x4C,0x77,0xCE,0x9A,0x5F,0x79,0xEB,0x9E,
0x5E,0x3F,0xAF,0xAC,0xED,0x79,0xCA,0x77,0xAB,0xF9,0xA4,0x0C,0x4A,0x5B,0xA1,0x4F,
0x06,0x49,0x8F,0x99,0x30,0x8E,0x53,0x7C,0x21,0xF9,0x4C,0x03,0xE8,0xC6,0x1A,0xE6,
0x2B,0x3D,0x25,0xBD,0xBE,0xBD,0x64,0xC3,0x11,0x59,0xB9,0xCB,0x95,0x54,0xEC,0xBB,
0xD4,0xB1,0x69,0xFF,0x34,0xA3,0x0A,0x32,0xDD,0x3D,0xAB,0x33,0x3E,0xBB,0x13,0x2E,
0x2E,0x74,0xCA,0x87,0x24,0xB0,0x4C,0x6C,0xA4,0x5B,0x1C,0xD4,0xAA,0x9D,0x8E,0xD5,
0x3E,0x14,0x6F,0xCC,0x92,0xAE,0x9D,0xC8,0xCB,0x5B,0x7D,0x13,0x01,0x61,0x1C,0x74,
0x8F,0x88,0xC2,0x6C,0x08,0xC5,0x2D,0x97,0xE5,0x74,0x38,0xE2,0x43,0x46,0xA6,0x3B,
0x82,0x20,0x60,0x62,0xFF,0xF3,0x68,0xC4,0xF5,0x34,0x04,0x16,0x08,0x00,0xCB,0x0D,
0xA4,0x62,0x13,0xA0,0x79,0x8D,0xFA,0xC5,0x6B,0x2D,0x31,0xAC,0x35,0x83,0x0E,0xC0,
0x04,0x7C,0xBD,0xE8,0xCD,0x16,0x8F,0x52,0x4C,0xCA,0x26,0x22,0x57,0xDC,0x45,0xB1,
0x4F,0x0E,0xD3,0xC9,0x24,0xAB,0x8D,0x51,0xA0,0x2D,0xA0,0x98,0x61,0x71,0x69,0x74,
0xB2,0xE5,0xAF,0xDE,0x3A,0x80,0xCA,0xFA,0x26,0x41,0x22,0x06,0x8C,0x56,0xF1,0x8A,
0x64,0x28,0x24,0x86,0x75,0x24,0xA2,0x5A,0x29,0x79,0x27,0x49,0x4A,0xEE,0xB7,0xBF,
0x9A,0x65,0x14,0xA7,0x9C,0x67,0xDE,0x3E,0x87,0x10,0x26,0xFD,0xF6,0x2E,0xAF,0xA6,
0xD1,0x31,0x37,0xBB,0x9B,0xFF,0xF1,0xB1,0x6B,0x6F,0x36,0x8A,0x4C,0xAD,0x88,0x96,
0x86,0x93,0x99,0xB9,0xB5,0xAF,0x5B,0x08,0x26,0xAC,0xA4,0x7C,0x3D,0x63,0x61,0x70,
0xED,0xB3,0x39,0xD1,0x50,0x7F,0x2F,0xB0,0x63,0xDD,0xB9,0x6D,0x71,0xB0,0xBF,0x48,
0xCD,0xDB,0x5A,0x11,0x1E,0x2F,0x09,0x2E,0xD4,0x45,0xBA,0xEE,0x36,0xB5,0x89,0x33,
0x2E,0x57,0x77,0x47,0xEB,0xE1,0xB0,0x32,0x4C,0x41,0x4D,0x45,0xAA,0x90,0x00,0x5A,
0xA7,0xFC,0xEA,0xEF,0x1B,0x39,0xDF,0xB1,0x94,0x92,0x1F,0x96,0xC2,0xA0,0xB8,0xD5,
0x35,0x3D,0xF5,0xE1,0x6E,0x81,0xF5,0xA7,0x95,0x93,0x29,0x26,0xFF,0xF3,0x68,0xC4,
0xF0,0x33,0x04,0x02,0x08,0x00,0xD3,0xCD,0x85,0x60,0x6A,0x45,0x84,0x91,0xE3,0x39,
0xBA,0xD4,0xD2,0xFA,0xCB,0x14,0x5A,0x64,0x67,0x1B,0x53,0x5E,0x1B,0x96,0x1C,0x37,
0xD2,0x4D,0x31,0x75,0xB7,0xE9,0x31,0x9A,0x5F,0x11,0x24,0xDC,0x1F,0x54,0xCD,0xF7,
0xAD,0xFF,0xAB,0x3E,0xCE,0x8F,0x71,0x5C,0x1E,0x2F,0xE0,0x29,0xD8,0xB3,0xDB,0x54,
0x6C,0xAE,0x59,0x6E,0x71,0x34,0x9F,0xEF,0xEF,0xFC,0x66,0x28,0x76,0x16,0xAA,0x88,
0xF6,0x1A,0x41,0x60,0xA4,0x93,0xCA,0x19,0x35,0x5A,0x33,0xAE,0xAF,0x33,0x43,0xF7,
0x47,0xE5,0x19,0xBD,0x22,0x49,0xE2,0xA8,0x6E,0x23,0xD4,0x3C,0xF1,0x4D,0x73,0x70,
0xDA,0x9A,0x13,0xBF,0x3C,0xF5,0x0E,0xD7,0xC2,0xC0,0xDD,0xAD,0x6A,0xEE,0x62,0x7D,
0x69,0x2A,0x3B,0xBE,0xBB,0xB3,0xFA,0xA5,0xEC,0x7D,0xCF,0x03,0x5E,0x7F,0x98,0x19,
0x68,0x70,0xE2,0x21,0x46,0x3A,0x0E,0x48,0x15,0xBA,0x56,0xA1,0xC3,0xD0,0x45,0xA2,
0x4C,0x41,0x4D,0x45,0x33,0x2E,0x31,0x30,0x30,0xA0,0xB3,0x35,0x5C,0x69,0x29,0x69,
0x26,0x39,0xAB,0x14,0x92,0x97,0x4A,0x2F,0xC9,0x2C,0x2A,0x62,0x62,0x95,0xA1,0x33,
0xAB,0x35,0x62,0x45,0x51,0x03,0x01,0x71,0x19,0xE9,0x00,0x89,0x8C,0x0F,0x25,0xB5,
0x97,0xBF,0x2E,0x54,0xFF,0xF3,0x68,0xC4,0xEA,0x2D,0x73,0xF6,0x1D,0x54,0xCB,0xD1,
0x31,0xB1,0xB0,0x20,0x25,0x8B,0x24,0xFA,0x1B,0xF2,0xEC,0xE5,0xAA,0x6B,0x9D,0xCA,
0xE4,0x15,0x49,0x4B,0x63,0x08,0x83,0x05,0x44,0x5B,0x00,0x00,0x12,0x3E,0x29,0x6F,
0xFB,0x96,0xBF,0x2C,0x71,0xED,0xA9,0x54,0x02,0xB6,0xD3,0x16,0x07,0x8E,0x38,0x2E,
0x5E,0x1B,0x9C,0x9B,0xB9,0x50,0x6A,0x02,0x15,0xAE,0x9D,0x5F,0x54,0x91,0xD5,0xF6,
0xDF,0x0D,0xA4,0x56,0x1E,0xCB,0x33,0xF1,0x4A,0x51,0xD0,0x93,0xB7,0x40,0xC5,0x55,
0x99,0xDB,0x21,0xCE,0xB6,0xDC,0xF7,0xA5,0x67,0xDC,0x70,0xB6,0x3B,0xEB,0xB5,0xB4,
0x63,0x3E,0xDB,0xB6,0x40,0x87,0x45,0x1E,0xF2,0xA7,0xF0,0xE7,0x2E,0x47,0xCE,0x63,
0xDD,0xB7,0x25,0x90,0xD2,0x9D,0x3C,0x7F,0x74,0xF2,0x83,0xDD,0x9A,0xF9,0x97,0xD8,
0xC2,0xD2,0xE5,0xEB,0xEE,0xA1,0xDD,0xF6,0x6A,0x5E,0xDC,0xBD,0xFC,0x89,0x45,0x26,
0x94,0x46,0x3A,0xA9,0x0B,0xA6,0x51,0x75,0x47,0x2A,0xD4,0x90,0xC3,0x34,0xB0,0xD5,
0xCB,0x4F,0xB3,0x07,0x65,0x54,0xD0,0x5C,0x3A,0xF3,0xD0,0xC4,0xA0,0x02,0x41,0xC3,
0x03,0x86,0xDA,0x0A,0x98,0xA5,0x20,0x7B,0xF1,0x05,0x61,0x5F,0xE2,0x8F,0x11,0x16,
0xA4,0x9C,0xC6,0xC8,0xB1,0x9F,0x77,0x6C,0xC7,0xF4,0x9B,0x62,0xFF,0xF3,0x68,0xC4,
0xF6,0x30,0x5C,0x16,0x14,0xAC,0xCA,0xCD,0xA4,0xDC,0x8F,0x36,0xFD,0xD3,0x3F,0x98,
0x72,0x55,0x3D,0x33,0x30,0x95,0xD2,0x8D,0x5E,0x8D,0x21,0xF0,0x54,0x14,0x4B,0x87,
0xCC,0xB5,0x81,0xC5,0xAA,0x3B,0x58,0xD4,0xC6,0xF7,0xE7,0xBC,0xB9,0x8D,0x34,0x30,
0x54,0x2C,0xB3,0x10,0xBB,0x8A,0xD5,0x1E,0x6D,0x69,0x3B,0x0E,0x23,0x3E,0xF0,0xEC,
0x1D,0x4E,0x33,0x4D,0xBA,0xD6,0xF6,0x88,0x9A,0x70,0x6C,0xD5,0xA9,0x6D,0xE6,0xD3,
0xE1,0x7A,0x8A,0x17,0xF5,0x96,0x1A,0x48,0x5C,0x43,0xED,0x97,0x49,0xD5,0x36,0x47,
0xAD,0x84,0xD9,0x5C,0x6B,0xA6,0x91,0xC7,0x69,0x0E,0x3C,0xD4,0x7B,0x44,0x45,0x9B,
0xC9,0x17,0x0C,0xEA,0x8C,0xAC,0x18,0xF5,0x12,0x04,0xC1,0x28,0xD9,0x07,0x47,0x2A,
0x6F,0x3D,0xA8,0xC7,0xBB,0x73,0xCE,0x5D,0xE5,0x3D,0x31,0xAE,0x85,0x22,0xEF,0x07,
0x95,0xB4,0x41,0xCF,0x80,0xAA,0x33,0xF3,0xD0,0x97,0xC0,0x29,0xE9,0x9F,0x4E,0x98,
0xFF,0x8E,0x9C,0x15,0x8B,0x6F,0x54,0xC6,0x94,0xC0,0x8A,0x82,0x9D,0xFB,0x75,0xE1,
0xEB,0x72,0x8B,0xD7,0x61,0xA8,0x35,0xE5,0x83,0x65,0x70,0xCD,0xFB,0x72,0xE7,0xE1,
0x9F,0x94,0x79,0xDE,0x75,0xD5,0xCB,0xBC,0x5A,0x46,0xE5,0x0B,0x10,0x1C,0x46,0x94,
0x05,0x30,0xD7,0x52,0xFF,0xF3,0x68,0xC4,0xFF,0x35,0x5C,0x0E,0x04,0x02,0xCB,0xCD,
0xA5,0x18,0x97,0xBF,0xCD,0x90,0x28,0x12,0xEE,0x30,0x90,0x83,0x5D,0x95,0xE3,0x7A,
0xD4,0x6A,0x8F,0x19,0x7B,0xF9,0x4F,0x7E,0x3D,0x33,0x01,0x31,0xB5,0x45,0x55,0x0F,
0xCF,0x42,0x8C,0x44,0xFB,0x56,0xA7,0x7F,0xFF,0x55,0xBB,0x8A,0xD2,0x7D,0xD0,0x1B,
0x3D,0x0F,0xDD,0x69,0xD7,0xB2,0x9F,0x12,0x09,0x63,0x82,0xE8,0x23,0xAD,0xBF,0xA6,
0x16,0xA3,0xFF,0xF9,0x8E,0xD4,0x5C,0xFC,0x85,0x7C,0x0E,0x3D,0x9A,0x1D,0x9D,0xAB,
0x76,0xE7,0xDC,0x46,0x34,0x95,0x47,0xE4,0xF3,0x2D,0x35,0x8A,0x77,0x7F,0xB8,0xDB,
0x1F,0x5D,0xA2,0x9F,0xA4,0xA3,0x0B,0x8D,0x26,0xE4,0x51,0xE5,0xAC,0xD4,0x76,0x62,
0xAB,0x20,0xF9,0x59,0xAB,0x64,0x7E,0x95,0xBB,0x49,0x91,0x4E,0x2F,0x76,0x5F,0x49,
0x10,0x31,0xF0,0x90,0x8B,0x76,0xFE,0x77,0x1A,0x51,0xF1,0x25,0x99,0xB4,0xD7,0xD0,
0x24,0x8C,0x45,0x34,0xEE,0xE3,0x41,0xB2,0x80,0xA5,0x4C,0x41,0x4D,0x45,0x33,0x2E,
0x31,0x30,0x30,0x55,0x55,0x55,0x55,0x55,0x55,0x55,0x55,0x55,0xF8,0x01,0x6A,0x46,
0xDD,0xCA,0x99,0xDD,0xC2,0xD6,0xAE,0x4E,0xEA,0x29,0x16,0xCA,0x51,0x5E,0x53,0x45,
0xAB,0xF1,0xA6,0x4D,0x84,0xAA,0x9A,0x06,0x4C,0xDB,0x54,0x51,0xFF,0xF3,0x68,0xC4,
0xF4,0x30,0x6C,0x06,0x08,0xA2,0xC2,0x0D,0xA5,0xA7,0x34,0x5D,0x93,0x9F,0x79,0x54,
0xCA,0x64,0x42,0x45,0x50,0x9A,0xF2,0xF9,0x3E,0xB3,0xB8,0x2C,0xF6,0xB6,0x67,0x5E,
0x42,0x5C,0x98,0x4F,0xE2,0xE2,0xE3,0xF5,0xBC,0x7F,0x9F,0xAC,0xFE,0x8C,0x2A,0x4E,
0x4B,0xE6,0x67,0x37,0xF9,0xAA,0x99,0x0E,0x30,0x78,0x95,0x6E,0x7A,0x99,0x77,0x11,
0xDD,0x92,0x38,0xA8,0xA1,0xED,0x04,0x84,0x6C,0x7C,0x40,0xB3,0x14,0x2E,0xB2,0xA9,
0x53,0xC4,0x5B,0x43,0x9C,0xFB,0xD8,0xA0,0xB9,0xD4,0xA5,0xB8,0xBB,0x2C,0xB0,0xB5,
0xC9,0x31,0x22,0xEC,0xE4,0x0D,0x86,0x15,0xB8,0xC2,0x4A,0xC6,0x46,0xEA,0xEB,0x27,
0x9F,0x4F,0x3A,0xC4,0x73,0x63,0xE8,0xFA,0xE1,0x86,0x1D,0xBE,0x2E,0x5B,0xCC,0xAA,
0x0E,0x76,0x1A,0x21,0x9C,0xF3,0x29,0xC0,0x9C,0xCB,0x68,0x14,0x72,0x2D,0x8D,0x5B,
0x53,0x85,0x24,0x6B,0xA8,0xD1,0xA2,0xA7,0x34,0x11,0x43,0x63,0x34,0x48,0xC3,0x15,
0x42,0x5A,0xB1,0x37,0x7A,0x87,0x39,0x67,0x64,0x91,0x29,0xB6,0x1B,0x55,0xF9,0x86,
0xEB,0x63,0x51,0xDA,0x5C,0xD0,0x75,0x79,0x5A,0xC2,0x40,0xE8,0x6A,0xBF,0x98,0x88,
0x3A,0xE8,0xE9,0x23,0xB8,0x2D,0x50,0x35,0x37,0x95,0x77,0xC3,0x6C,0xE8,0x2A,0x01,
0x37,0x0B,0x2C,0x99,0xFF,0xF3,0x68,0xC4,0xEB,0x2D,0x94,0x0E,0x1D,0x56,0xC3,0xD1,
0x10,0xF4,0xD0,0xDE,0x72,0xDD,0xC8,0xF0,0xD3,0xD6,0x97,0xD2,0x79,0xF9,0x0F,0x5B,
0x22,0xE4,0x7B,0xA0,0xE2,0x51,0xA2,0xCA,0x29,0x68,0x29,0xBB,0x86,0x7F,0xFD,0xB9,
0xDF,0xA6,0x69,0xCA,0x79,0xCC,0x90,0xD4,0x82,0xA1,0xFB,0x9C,0x95,0x91,0x22,0x16,
0xB4,0xD8,0x16,0x42,0xD4,0x97,0x62,0x75,0x12,0xE8,0x17,0x40,0xF9,0xFF,0x97,0x72,
0x49,0xEF,0x11,0x43,0xDC,0x45,0x42,0x66,0x51,0x13,0x47,0x54,0x02,0xD9,0xF0,0x71,
0xC2,0x0F,0x96,0x22,0xE4,0xD2,0x3D,0x4F,0x88,0xC1,0x6C,0x55,0xE2,0x3C,0xF7,0xAE,
0xC5,0x32,0x63,0x09,0x47,0xBB,0x22,0x58,0x93,0xA9,0xAE,0x89,0x59,0xB4,0xA3,0xC8,
0xBA,0x3E,0x2D,0xAB,0xBE,0xEC,0x5A,0x5A,0x14,0x4A,0x85,0x56,0xA8,0xCB,0x1E,0x10,
0x79,0x76,0x59,0x0A,0x50,0x00,0xE7,0x22,0x98,0xD3,0x26,0x4F,0x22,0x85,0x18,0x19,
0x77,0x35,0x09,0xE1,0xAB,0x7B,0x88,0x33,0x2E,0x79,0x69,0xA8,0xAC,0x3F,0x05,0x91,
0x45,0x4C,0x41,0xD0,0x00,0xF2,0xDA,0xA5,0xCB,0xF2,0xAF,0x4F,0x8D,0x6B,0xB1,0x48,
0xBC,0x4A,0xE4,0x7E,0x47,0x3B,0x11,0x95,0xC0,0x0F,0xED,0x57,0xD5,0xE0,0x6A,0xAA,
0x7E,0x9A,0x6C,0x89,0xC5,0x56,0x3D,0x2F,0xF4,0x3F,0xB8,0x0C,0xFF,0xF3,0x68,0xC4,
0xFF,0x34,0xF4,0x16,0x00,0xA2,0xD2,0x4D,0xA4,0x3C,0xA7,0x1A,0x87,0x88,0x4F,0x45,
0xA4,0x2D,0xB6,0xC1,0xD4,0x8B,0x82,0xC1,0x3D,0xE2,0xD5,0x74,0x2D,0xC2,0x8F,0x96,
0xD0,0x6B,0xB2,0x5E,0xF4,0xBE,0xEF,0x4A,0x7C,0x67,0x07,0x69,0x27,0x36,0xB5,0x9A,
0x4C,0xE3,0xF7,0x0D,0x93,0x3A,0xC5,0x8E,0xA8,0xDB,0xF7,0xFF,0xFA,0xBE,0x1E,0xC8,
0x77,0x7A,0x95,0x6A,0xAC,0x6F,0x29,0xE0,0x3E,0x26,0x2A,0x86,0x04,0x42,0xAF,0x42,
0xFD,0xE2,0x53,0x20,0x87,0x49,0xEA,0x5D,0x16,0x33,0xBB,0x33,0x83,0x1D,0x24,0x12,
0xA5,0xA2,0x5D,0x25,0x04,0x4D,0x38,0xB6,0x9D,0x20,0x94,0x51,0x94,0x19,0xCE,0xD5,
0x36,0xAA,0x25,0xFB,0x23,0x3B,0x28,0x78,0x9B,0x45,0x64,0xB7,0xF9,0x65,0x0A,0x59,
0xEE,0x4A,0xB4,0x83,0x66,0xB8,0xAE,0xE8,0xBA,0x3C,0xD7,0x56,0x5E,0x1C,0xC1,0x68,
0xB0,0xB9,0xCD,0x5E,0x59,0xB2,0x48,0x83,0xAD,0x32,0x2E,0xE5,0xC9,0xC9,0x50,0x4A,
0x20,0x08,0x53,0x67,0x95,0x8C,0x71,0xBF,0x29,0xED,0x59,0x44,0x0D,0x2B,0x7F,0xE5,
0xB2,0x1A,0x4B,0xD2,0xA8,0x1D,0x89,0xC9,0x62,0xAB,0x55,0x0C,0x54,0x59,0xA6,0xAD,
0x93,0x56,0x08,0x14,0x5E,0x6A,0xB1,0x48,0x79,0xFC,0xA7,0x76,0x0B,0x04,0x1A,0x0A,
0x97,0x93,0x8E,0x33,0xFF,0xF3,0x68,0xC4,0xF4,0x2F,0xEC,0x12,0x0D,0x4C,0xC3,0xCD,
0x14,0x66,0xA5,0xEC,0x6B,0xD0,0x58,0xCE,0x35,0xD4,0x8E,0x56,0x4F,0xA1,0x63,0xFC,
0xD7,0x90,0x04,0xB4,0x2C,0xE1,0x8D,0x02,0x92,0x38,0x5F,0x18,0xB6,0x61,0xC7,0x4E,
0x84,0xE1,0x37,0x64,0xBE,0x2F,0x02,0x99,0xE8,0xE9,0x1F,0x36,0x2B,0x91,0x2B,0x77,
0xF2,0xDE,0x90,0x65,0x57,0x01,0x11,0x6E,0x9D,0x0B,0x39,0x2C,0xBB,0x24,0x08,0x96,
0xA5,0x74,0xA1,0x02,0x71,0x40,0x47,0x26,0x9D,0x10,0x88,0x2D,0xCA,0x3A,0xAA,0xC2,
0xD3,0x41,0x6A,0xCC,0x85,0x11,0x4B,0x9E,0x9A,0x25,0xFD,0x3B,0x2A,0x30,0xCE,0x4C,
0xF4,0x96,0x95,0x1A,0x84,0x58,0xF7,0x44,0x96,0x11,0x51,0x60,0xA5,0x1C,0x82,0xF4,
0x81,0x29,0x4E,0xE0,0x9F,0x45,0x34,0xCD,0x3E,0x2D,0x40,0xA8,0x55,0x25,0x0C,0x24,
0x9B,0x22,0x46,0x09,0x6D,0x89,0xA4,0xD5,0x4B,0x00,0x35,0xA2,0x8C,0xDD,0x18,0x0E,
0x24,0xA2,0xD9,0x29,0xBC,0x49,0x63,0x89,0x1A,0xE4,0xC5,0xE7,0x31,0x20,0x32,0xC2,
0x5D,0x1A,0x4C,0x41,0x4D,0x45,0x33,0x2E,0x31,0x30,0x30,0xAA,0xAA,0xAA,0xAA,0xAA,
0xAA,0xAA,0xAA,0xAA,0xAA,0xAA,0xAA,0xAA,0xAA,0xAA,0xAA,0xAA,0xAA,0x9C,0x00,0x0B,
0x55,0xCE,0x63,0xF8,0xFE,0x78,0x57,0x5E,0x92,0x46,0x96,0xC6,0xFF,0xF3,0x68,0xC4,
0xFF,0x35,0x24,0x15,0xFD,0x42,0xC3,0xCD,0x4C,0xE9,0x72,0xE7,0x88,0xC6,0xBC,0xAB,
0x86,0xF5,0xF5,0xCB,0xE6,0xF3,0x8C,0x35,0x8A,0xD4,0x7B,0xDD,0x5B,0x51,0x83,0x14,
0x5E,0xB7,0xA8,0x35,0x7D,0x7B,0xFF,0xE4,0x87,0xAD,0xE7,0x49,0xD3,0x51,0x45,0xC6,
0x19,0xEF,0x9C,0x63,0x19,0xD7,0xBE,0xFD,0x31,0x94,0x41,0x72,0x3A,0xA2,0xD6,0x5A,
0x4F,0x0B,0x19,0x8F,0xD9,0xA1,0x37,0x7F,0xB4,0xDA,0x40,0xC5,0x43,0x7B,0x36,0x8E,
0xAA,0xD8,0x92,0x86,0x1A,0xFA,0x0B,0xB9,0xB3,0x23,0xAA,0x9D,0xA1,0x44,0x53,0x4B,
0x21,0x0F,0x30,0xCB,0x34,0x5F,0x5C,0x1B,0x0B,0xEA,0xE6,0xF0,0x76,0x27,0x04,0xB6,
0x18,0xE7,0x16,0x8F,0x3A,0x74,0x2E,0x0C,0x8E,0x4A,0x1E,0x37,0xEE,0xCD,0x7D,0x9D,
0x98,0xC0,0x07,0x5A,0x0A,0x20,0x32,0xC6,0x12,0x10,0xA5,0xCA,0xDB,0x2B,0xEC,0xEA,
0x4C,0x20,0xA0,0x19,0x06,0x7A,0xE1,0xE0,0x21,0x75,0xE1,0x13,0x90,0xD7,0x2C,0x79,
0x80,0x38,0xD5,0xFA,0xF8,0x5A,0xD4,0xFD,0xAA,0x69,0xA8,0xDC,0x3A,0xEF,0x44,0x23,
0x73,0xF9,0xD9,0x8F,0xA8,0x39,0x30,0xEA,0xC8,0x18,0x74,0x59,0xBB,0x53,0x41,0xAA,
0xA6,0x05,0x62,0x5F,0xC3,0x74,0x2F,0x22,0xB2,0xB1,0x10,0x12,0x56,0x22,0x84,0xBE,
0x3C,0x08,0x2D,0x93,0xFF,0xF3,0x68,0xC4,0xDA,0x29,0x7C,0x16,0x11,0x54,0x7A,0x07,
0xA8,0xF7,0x2A,0xB3,0x45,0x70,0xD7,0xB4,0x35,0x32,0x1C,0x7A,0x96,0xC7,0x91,0xDA,
0xE0,0xBD,0x8B,0x9F,0xA8,0x31,0xF1,0x5C,0x18,0x43,0xCC,0x30,0x7E,0x4D,0x19,0xE0,
0x4D,0x58,0xDB,0x9E,0xD9,0x94,0xB8,0x46,0xC4,0x2D,0xE7,0x39,0xCD,0xD8,0x61,0x2B,
0xB9,0xDF,0x26,0xD3,0x08,0xE9,0xA6,0x6F,0xE4,0x55,0x84,0x51,0x11,0xB0,0x42,0x3A,
0x8E,0x6C,0x31,0x44,0xD4,0xAC,0xF5,0x86,0x13,0xEC,0x75,0xDB,0x9A,0x53,0xAC,0xB5,
0xA9,0x11,0x13,0x18,0xE6,0x13,0x5E,0x0B,0x73,0xB2,0x46,0x4E,0xC2,0xF1,0x69,0x99,
0xE2,0x25,0x50,0xCF,0xB9,0x2A,0x4E,0xF1,0x1E,0xAD,0x29,0x64,0x10,0xA8,0x7E,0x4C,
0x47,0xD9,0x47,0x95,0xA4,0x7C,0xF2,0x01,0xE9,0x7B,0x6E,0xE5,0x66,0x13,0xC6,0x4C,
0x42,0xE4,0xAA,0x54,0xD3,0x18,0x80,0xDD,0x72,0x06,0x60,0xCF,0xDF,0x22,0x7B,0x73,
0x71,0xC3,0xBC,0xD6,0xAC,0xF4,0xF3,0x69,0x9A,0x4C,0x41,0x4D,0x45,0x33,0x2E,0x31,
0x30,0x30,0x55,0x55,0x55,0x55,0x55,0x55,0x55,0x55,0x55,0x55,0x55,0x55,0x55,0x55,
0x55,0x55,0x55,0x55,0x55,0x55,0x55,0x55,0x55,0x55,0x55,0x55,0x55,0x55,0x55,0x8D,
0xB6,0xC0,0x0E,0x7F,0x50,0xF3,0x7A,0xC4,0x81,0x2E,0xA3,0x56,0xFF,0xF3,0x68,0xC4,
0xFF,0x33,0x04,0x15,0xFC,0xAA,0xC3,0xD3,0x14,0x1C,0x49,0x2D,0x06,0xF1,0x60,0xD1,
0x46,0xD3,0x9F,0x23,0x1A,0x3F,0x54,0x46,0x8D,0x30,0xB2,0xA4,0x4D,0x4F,0xAD,0x18,
0x25,0x72,0xE8,0x4B,0x73,0x26,0x53,0x30,0x3B,0xBA,0x8B,0x45,0x24,0x44,0x90,0x6B,
0x22,0xD3,0xE9,0xFE,0xDA,0xC7,0x56,0xDC,0x7E,0xFA,0x87,0xA3,0x93,0x93,0x1F,0x1C,
0xBA,0xC7,0x3C,0xFD,0x1B,0x68,0xE6,0x9B,0x46,0x22,0x93,0xB5,0x69,0x9B,0x6E,0xCF,
0xF9,0x02,0xCE,0xC4,0x73,0xB1,0x9C,0xD8,0xC8,0x5B,0xDD,0x58,0xF8,0x5A,0xB6,0x10,
0x4C,0xA4,0x4F,0x7D,0x28,0xBC,0xD3,0x51,0xB8,0xD9,0x8D,0xC9,0x57,0x89,0x78,0xA3,
0xB5,0x22,0x65,0x95,0x68,0x57,0x7A,0x7D,0x30,0xA3,0x9D,0x60,0xBF,0xE9,0x59,0xA8,
0x95,0x92,0x7D,0x4C,0xD9,0x8F,0x95,0x28,0xCE,0xDB,0x5D,0xC7,0x44,0xAD,0xED,0xE9,
0x57,0x51,0x64,0x3D,0x35,0xE9,0x64,0x6D,0x93,0x86,0x73,0x9B,0x21,0xDD,0xE0,0x42,
0xC3,0x95,0x2D,0x54,0xAF,0x9D,0x5B,0x33,0x6E,0xDC,0x6F,0x3A,0x58,0x2A,0x3F,0x4F,
0x93,0xC4,0xBD,0xDD,0x69,0x5B,0xF0,0xA4,0xD7,0x88,0x39,0xC8,0x15,0xD3,0x70,0xC5,
0x13,0x2E,0xD3,0xA2,0xF2,0xD3,0x59,0x82,0x18,0xC0,0x86,0x64,0x66,0x55,0x10,0x82,
0xAD,0x65,0x6A,0xB6,0xFF,0xF3,0x68,0xC4,0xD8,0x28,0xEC,0x16,0x15,0xFC,0x79,0xCD,
0x28,0xAD,0xD9,0xA9,0x32,0x60,0x79,0x0D,0x8E,0x31,0xFE,0x3D,0x46,0x3B,0x08,0x53,
0x8A,0xF3,0x8D,0xA5,0xC4,0x7D,0xE2,0xCF,0x62,0xE9,0x7F,0x07,0x60,0x63,0x32,0x6B,
0xD1,0x8D,0xE3,0x6C,0x77,0xED,0x57,0x81,0x11,0x22,0x3F,0xA3,0xBC,0xF1,0xF2,0xF9,
0xDE,0x9B,0x5E,0x98,0x92,0x77,0xA5,0x91,0x49,0xA8,0x9E,0x20,0x51,0x0A,0x34,0x42,
0x13,0x5B,0xD6,0xEE,0x52,0x9B,0xC8,0xC6,0x29,0xCD,0x7E,0x28,0x3A,0x84,0xFA,0xC9,
0xA1,0x6A,0x70,0x35,0xD4,0x27,0x6A,0xA4,0x7D,0xA1,0x22,0xCA,0xB8,0xA2,0xED,0x4D,
0xE6,0xDC,0x5D,0xA2,0xAF,0x1E,0x1A,0x4D,0xD1,0x3E,0x46,0xC3,0x24,0x81,0x66,0xD6,
0x08,0xC9,0x95,0x0D,0x21,0x12,0xF9,0x1A,0x0A,0xB6,0xA8,0xA2,0x44,0x86,0x12,0xE2,
0x24,0x28,0x8E,0x58,0x7C,0x4C,0xAC,0x28,0xA8,0xA5,0x62,0x08,0x11,0x61,0x01,0x65,
0x48,0x13,0x47,0x34,0xA0,0x64,0x3A,0xC0,0x3A,0x3C,0x17,0x3A,0x88,0x70,0x50,0x4E,
0x46,0x70,0xB9,0xF2,0xB2,0x43,0x1C,0x5C,0xC1,0xBC,0x44,0x29,0x2D,0x05,0xB1,0x12,
0xEA,0x29,0x4C,0x41,0x4D,0x45,0x33,0x2E,0x31,0x30,0x30,0x55,0x55,0x55,0x55,0xAC,
0xA9,0x9D,0xF7,0x05,0xA2,0x29,0x2C,0x33,0x73,0xA0,0x02,0x56,0xFF,0xF3,0x68,0xC4,
0xFF,0x39,0x3C,0x15,0xF0,0x00,0xCB,0xD3,0x4C,0xCE,0x9D,0xD8,0x74,0xD6,0x2C,0xC7,
0x20,0x5D,0xBC,0x87,0x11,0xBA,0x1E,0x54,0xC8,0x17,0xE3,0x52,0x25,0xBE,0x75,0x2D,
0x3E,0xDB,0xEB,0xAD,0xDA,0x2A,0x35,0x19,0xCF,0x85,0xFF,0x98,0x77,0xDD,0x75,0x6C,
0xEE,0x5C,0x96,0x58,0xC5,0xFF,0x59,0x4E,0x99,0xB7,0x9A,0xA8,0xF6,0xD2,0xED,0xDB,
0x7F,0xD8,0xFA,0x7F,0xFC,0x86,0xA1,0x49,0x76,0x96,0x82,0x9E,0x6A,0x0D,0xA2,0x98,
0x8E,0x65,0xCA,0x5C,0xED,0x9E,0x4E,0xAD,0x13,0x59,0x84,0x66,0xC5,0x36,0x61,0x0A,
0xD3,0xD0,0x67,0xEF,0x9E,0x18,0xEB,0xF8,0x8D,0x69,0xF4,0xBB,0x64,0xA8,0x71,0x96,
0xC6,0x4A,0x67,0x31,0xC8,0x65,0x4E,0x31,0x78,0x44,0xCA,0x81,0x63,0x74,0xF6,0x2D,
0xDC,0xB5,0xCE,0x9E,0x48,0xCF,0x27,0x16,0xA7,0x82,0x07,0xA4,0x9B,0xA8,0xCB,0xBC,
0x7F,0xB4,0x6D,0x9D,0x45,0x95,0x06,0x26,0x53,0x15,0x34,0x04,0x89,0x3A,0x55,0x0E,
0x31,0x8F,0x39,0xE4,0x14,0xC2,0xCC,0x34,0xB4,0x2A,0x60,0x1C,0x94,0xA2,0x25,0x7A,
0xB6,0xAA,0xC0,0x4D,0x4B,0x1A,0xF0,0xE0,0x8D,0x02,0x4E,0xBB,0x9D,0xDD,0x57,0xA7,
0x53,0x1D,0xC4,0x04,0x78,0x3D,0x4D,0xD6,0xA8,0xAA,0xE8,0x50,0x8F,0x91,0x1C,0xBF,
0x19,0x04,0x92,0x7A,0xFF,0xF3,0x68,0xC4,0xD8,0x29,0x04,0x16,0x00,0x00,0x33,0xCC,
0xD4,0x35,0x46,0xF1,0xE3,0xFE,0xEB,0x0D,0xA4,0x5A,0xEA,0xD5,0x76,0x43,0x2E,0xA1,
0x57,0xDE,0x6A,0x0F,0x54,0xEA,0x14,0x92,0xA0,0x4C,0x4C,0x3A,0x78,0xEF,0x4A,0x55,
0xC9,0xDA,0xB7,0x03,0xFA,0xFD,0xA0,0xA3,0x4B,0x16,0xC5,0x57,0x1D,0x86,0xAC,0xEB,
0x0A,0x16,0x32,0x62,0xEB,0x2F,0xA1,0xA5,0xD9,0x2B,0xED,0xD6,0x37,0x58,0x7C,0xF5,
0x4A,0x1B,0xCF,0x2C,0x3A,0xD4,0x94,0x48,0xC3,0x17,0x33,0x5F,0xE6,0xE7,0x65,0xF6,
0x0C,0x9D,0x88,0xE5,0xB5,0x92,0x4F,0x39,0x44,0xDC,0x6F,0x58,0xA8,0x90,0xCC,0xD9,
0xA5,0xEE,0xBB,0x5B,0x52,0xEB,0xE1,0xB5,0xE2,0xD7,0xCB,0x70,0x38,0xFA,0xAD,0x38,
0x84,0xE5,0x2A,0xB2,0xF1,0xB3,0x32,0xB9,0xE2,0x98,0x9F,0x6A,0x1A,0x97,0x0B,0x45,
0x7B,0x96,0x0C,0x48,0x31,0xAE,0x39,0xA4,0x05,0xB3,0x32,0xBF,0x2F,0x2A,0xD4,0x4E,
0x50,0x2A,0xB2,0xA4,0xEF,0xC4,0x78,0xB8,0xD1,0x2B,0x68,0x44,0x23,0x63,0xF6,0xCA,
0x50,0x08,0x47,0xA4,0x96,0x58,0x75,0x43,0x9B,0x6A,0x27,0xAA,0xB2,0x59,0xA2,0x17,
0x61,0x55,0x1A,0xD5,0x84,0x47,0xE4,0x85,0x65,0x97,0x49,0x50,0x02,0x4A,0x85,0x54,
0x30,0x69,0x12,0x22,0x5D,0xC4,0x51,0xB9,0x8E,0xA9,0x3E,0xE5,0xFF,0xF3,0x68,0xC4,
0xFF,0x36,0x74,0x15,0xEC,0x00,0x36,0x18,0xAC,0x12,0x59,0xC7,0x4A,0x98,0x1C,0x6A,
0x26,0x9C,0xA9,0x46,0xE0,0x96,0xCB,0xA2,0x85,0xE7,0x83,0xE6,0x11,0x61,0xA4,0x9A,
0x52,0x6D,0x16,0xB7,0xD4,0x2A,0xA7,0x88,0x54,0x7F,0x69,0xE7,0x89,0xBA,0x22,0x57,
0xA1,0x62,0x08,0x75,0xC8,0xC9,0x07,0xC7,0x5B,0x47,0x90,0x5D,0x95,0x0A,0xE2,0x63,
0xC9,0x05,0x55,0x65,0x47,0xCD,0x88,0xE6,0x0A,0x90,0xAC,0xBA,0x87,0x7C,0xC9,0x4B,
0x44,0x64,0x32,0x85,0x0F,0x21,0x51,0xEA,0x2F,0x64,0xA9,0x33,0x98,0x9C,0x0A,0x90,
0x0F,0x96,0x92,0x5D,0xB8,0x11,0x27,0x68,0x1D,0x49,0xBA,0x93,0x22,0x59,0xEA,0xB9,
0x18,0xA2,0x64,0xDC,0x8A,0x84,0x04,0xEA,0xA0,0x91,0x56,0x64,0x50,0x11,0x61,0x5B,
0x21,0x18,0x03,0xDC,0xC1,0xC7,0xC5,0x0C,0x9C,0x8D,0x00,0xC8,0x2A,0xE5,0x88,0x58,
0xD0,0xB0,0x54,0xB1,0xC9,0x93,0x2C,0xC1,0x7E,0x40,0x99,0x28,0x54,0xB3,0xCC,0x11,
0x98,0x6C,0xC3,0x2E,0x2A,0x42,0xE1,0x49,0x58,0x0A,0x34,0x64,0x3A,0xB4,0x8C,0x05,
0x09,0x1A,0x0C,0x88,0x32,0xC8,0x94,0xB9,0xA3,0x4D,0x85,0xCD,0x1A,0x55,0xE6,0x69,
0xA5,0x2E,0x7F,0xC9,0x39,0x32,0x38,0xB2,0x31,0x28,0x89,0x01,0x35,0xAB,0x88,0xA6,
0xCA,0x51,0xA4,0x49,0xFF,0xF3,0x68,0xC4,0xF0,0x31,0x5C,0x0D,0xE8,0x00,0x49,0x93,
0x45,0x99,0x22,0x6C,0x94,0xB3,0x08,0x93,0xC9,0x5F,0xF6,0xD1,0x09,0x43,0xE4,0x30,
0x44,0xB9,0x92,0x14,0x02,0x61,0x09,0x81,0x52,0xE6,0x56,0x72,0x29,0xC7,0xCB,0x6E,
0x2A,0xA8,0xD2,0xAC,0x91,0x2E,0x64,0x89,0x43,0x48,0x6A,0xEA,0xD6,0x2A,0xB9,0x92,
0x26,0xC5,0x2A,0x22,0x5C,0x52,0x21,0x30,0x1A,0x3A,0x4A,0xB3,0x48,0x60,0xCA,0x4D,
0x2B,0x06,0x95,0xC4,0x49,0x34,0xAB,0x91,0x2E,0xCD,0x22,0x4B,0x7C,0x60,0xD2,0xB0,
0xDB,0x83,0x57,0x1C,0x4C,0xF9,0x34,0xBA,0x80,0x65,0x75,0xAC,0x1F,0x1C,0xB1,0x4B,
0x57,0x97,0x36,0x7A,0x9A,0x3B,0x2E,0x2E,0x9E,0x13,0xA1,0x5B,0x10,0x84,0x5C,0x1F,
0x8E,0x62,0x5D,0x1B,0x2E,0xB5,0x4B,0x5A,0xEB,0x50,0x8D,0x89,0x29,0x1C,0xFC,0x8D,
0x6B,0x5B,0x4B,0xAE,0x66,0x2B,0x34,0xD9,0x8A,0x65,0x4D,0x19,0x17,0x4B,0x23,0x91,
0xB8,0x35,0x30,0x03,0xC5,0x21,0xD8,0xBA,0x59,0x2B,0x3E,0xB6,0xAD,0x3A,0xD1,0xF2,
0x55,0x24,0xA5,0xE4,0xD4,0xD5,0x4C,0x41,0x4D,0x45,0x33,0x2E,0x31,0x30,0x30,0x55,
0x55,0x55,0x55,0x55,0x55,0x55,0x55,0x55,0x55,0x55,0x55,0x55,0x55,0x55,0x55,0x55,
0x55,0x55,0x55,0x55,0x55,0x55,0x55,0x55,0x55,0x55,0x55,0x55,0xFF,0xF3,0x68,0xC4,
0xF5,0x33,0x9C,0x15,0xB8,0xE0,0x32,0x59,0x3C,0x55,0x55,0x55,0x55,0x55,0x55,0x55,
0x55,0x55,0x55,0x55,0x55,0x55,0x55,0x55,0x55,0x55,0x55,0x55,0x55,0x55,0x55,0x55,
0x55,0x55,0x55,0x55,0x55,0x55,0x55,0x55,0x55,0x55,0x55,0x55,0x55,0x55,0x55,0x55,
0x55,0x55,0x55,0x55,0x55,0x55,0x55,0x55,0x55,0x55,0x55,0x55,0x55,0x55,0x55,0x55,
0x55,0x55,0x55,0x55,0x55,0x55,0x55,0x55,0x55,0x55,0x55,0x55,0x55,0x55,0x55,0x55,
0x55,0x55,0x55,0x55,0x55,0x55,0x55,0x55,0x55,0x55,0x55,0x55,0x55,0x55,0x55,0x55,
0x55,0x55,0x55,0x55,0x55,0x55,0x55,0x55,0x55,0x55,0x55,0x55,0x55,0x55,0x55,0x55,
0x55,0x55,0x55,0x55,0x55,0x55,0x55,0x55,0x55,0x55,0x55,0x55,0x55,0x55,0x55,0x55,
0x55,0x55,0x55,0x55,0x55,0x55,0x55,0x55,0x55,0x55,0x55,0x55,0x55,0x55,0x55,0x55,
0x55,0x55,0x55,0x55,0x55,0x55,0x55,0x55,0x55,0x55,0x55,0x55,0x55,0x55,0x55,0x55,
0x55,0x55,0x55,0x55,0x55,0x55,0x55,0x55,0x55,0x55,0x55,0x55,0x55,0x55,0x55,0x55,
0x55,0x55,0x55,0x55,0x55,0x55,0x55,0x55,0x55,0x55,0x55,0x55,0x55,0x55,0x55,0x55,
0x55,0x55,0x55,0x55,0x55,0x55,0x55,0x55,0x55,0x55,0x55,0x55,0x55,0x55,0x55,0x55,
0x55,0x55,0x55,0x55,
};
